netid,p1q1,p1q2,p1q3,p1q4,p1,p2q1,p2q2,p2q3,p2q4,p2,treat,treatreal,group,Q29p,Q30p,Q28p,Q6p,Q7p,Q8p,Q9p,Q10p,Q11p,Q12p,Q13p,Q14p,Q17p,Q18p,Q19p,Q20p,Q21p,Q22p,Q23p,Q24p,Q25p,Q26p,Q27p,Q28,Q6,Q7,Q8,Q9,Q10,Q11,Q12,Q13,Q14,Q17,Q18,Q19,Q20,Q21,Q22,Q23,Q24,Q25,Q26,Q27
eha45,25,25,22,18,90,24,24.5,17.5,21,87,#N/A,#N/A,#N/A,#N/A,#N/A,#N/A,#N/A,#N/A,#N/A,#N/A,#N/A,#N/A,#N/A,#N/A,#N/A,#N/A,#N/A,#N/A,#N/A,#N/A,#N/A,#N/A,#N/A,#N/A,#N/A,#N/A,#N/A,#N/A,#N/A,#N/A,#N/A,#N/A,#N/A,#N/A,#N/A,#N/A,#N/A,#N/A,#N/A,#N/A,#N/A,#N/A,#N/A,#N/A,#N/A,#N/A,#N/A
nea42,25,23,25,22,95,23,22,19,25,89,#N/A,#N/A,#N/A,#N/A,#N/A,#N/A,#N/A,#N/A,#N/A,#N/A,#N/A,#N/A,#N/A,#N/A,#N/A,#N/A,#N/A,#N/A,#N/A,#N/A,#N/A,#N/A,#N/A,#N/A,#N/A,#N/A,#N/A,#N/A,#N/A,#N/A,#N/A,#N/A,#N/A,#N/A,#N/A,#N/A,#N/A,#N/A,#N/A,#N/A,#N/A,#N/A,#N/A,#N/A,#N/A,#N/A,#N/A
sa664,25,23.5,22,25,95.5,24,23.5,25,23,95.5,#N/A,#N/A,1,#N/A,#N/A,#N/A,#N/A,#N/A,#N/A,#N/A,#N/A,#N/A,#N/A,#N/A,#N/A,#N/A,#N/A,#N/A,#N/A,#N/A,#N/A,#N/A,#N/A,#N/A,#N/A,#N/A,#N/A,#N/A,#N/A,#N/A,#N/A,#N/A,#N/A,#N/A,#N/A,#N/A,#N/A,#N/A,#N/A,#N/A,#N/A,#N/A,#N/A,#N/A,#N/A,#N/A,#N/A
dda37,25,24.5,21,25,95.5,24,25,19,17,85,#N/A,#N/A,#N/A,#N/A,#N/A,#N/A,#N/A,#N/A,#N/A,#N/A,#N/A,#N/A,#N/A,#N/A,#N/A,#N/A,#N/A,#N/A,#N/A,#N/A,#N/A,#N/A,#N/A,#N/A,#N/A,#N/A,#N/A,#N/A,#N/A,#N/A,#N/A,#N/A,#N/A,#N/A,#N/A,#N/A,#N/A,#N/A,#N/A,#N/A,#N/A,#N/A,#N/A,#N/A,#N/A,#N/A,#N/A
fa264,25,22,21,24,92,25,25,18,17,85,treat2,#N/A,#N/A,#N/A,#N/A,#N/A,#N/A,#N/A,#N/A,#N/A,#N/A,#N/A,#N/A,#N/A,#N/A,#N/A,#N/A,#N/A,#N/A,#N/A,#N/A,#N/A,#N/A,#N/A,#N/A,#N/A,5,4,4,3,1,2,1,1,1,1,1,1,1,1,1,1,1,1,1,1,1
aia39,25,23.5,20,25,93.5,24,22.5,23,18,87.5,treat1,1,#N/A,3,15,2,4,4,3,3,2,2,2,2,3,4,2,4,3,1,1,2,3,4,2,2,3,2,3,4,2,3,2,4,2,2,2,1,2,1,1,1,2,1,2,1,1
za39,25,25,23,23.5,96.5,24,25,22,21,92,treat3,1,#N/A,0,15,4,2,2,2,2,2,2,4,2,2,4,2,4,2,2,2,2,2,2,2,1,2,2,2,2,1,2,2,4,2,2,2,2,2,2,2,2,2,2,2,2,2
gma67,22,20.5,21,23,86.5,22,18,20,16,76,#N/A,#N/A,#N/A,#N/A,#N/A,#N/A,#N/A,#N/A,#N/A,#N/A,#N/A,#N/A,#N/A,#N/A,#N/A,#N/A,#N/A,#N/A,#N/A,#N/A,#N/A,#N/A,#N/A,#N/A,#N/A,#N/A,#N/A,#N/A,#N/A,#N/A,#N/A,#N/A,#N/A,#N/A,#N/A,#N/A,#N/A,#N/A,#N/A,#N/A,#N/A,#N/A,#N/A,#N/A,#N/A,#N/A,#N/A
msa226,25,24,25,25,99,24,25,23,23,95,treat3,1,#N/A,1,13,4,4,2,2,4,2,2,2,2,2,2,2,2,2,2,2,2,2,2,2,2,5,4,3,4,5,3,2,2,2,2,2,3,2,2,2,2,2,2,4,2,2
aa747,25,25,23,25,98,24,25,25,23,97,treat3,1,#N/A,2,14,1,1,2,2,3,2,2,3,1,2,2,2,2,1,1,2,1,2,1,2,1,1,2,2,2,2,2,3,3,2,3,2,2,2,2,2,2,3,2,2,1,1
pna9,21,22,14,20,77,22,19,20,20,81,treat3,1,#N/A,2,14,2,2,2,4,2,2,2,2,2,4,3,3,2,3,3,2,2,2,2,2,2,1,1,3,3,3,3,2,2,4,3,3,3,4,4,2,3,2,2,3,2,3
gta24,25,24,21,25,95,24,25,20.5,25,94.5,#N/A,#N/A,#N/A,#N/A,#N/A,#N/A,#N/A,#N/A,#N/A,#N/A,#N/A,#N/A,#N/A,#N/A,#N/A,#N/A,#N/A,#N/A,#N/A,#N/A,#N/A,#N/A,#N/A,#N/A,#N/A,#N/A,#N/A,#N/A,#N/A,#N/A,#N/A,#N/A,#N/A,#N/A,#N/A,#N/A,#N/A,#N/A,#N/A,#N/A,#N/A,#N/A,#N/A,#N/A,#N/A,#N/A,#N/A
gma66,24,21,21,25,91,24,25,25,23,97,treat3,1,#N/A,0,15,2,4,2,3,2,5,4,4,4,5,5,4,5,4,5,3,2,2,2,2,1,2,2,2,1,1,1,3,3,2,2,3,2,3,2,2,1,1,1,2,2,1
ta279,22,24.5,25,25,96.5,23,23,24,25,95,treat2,1,#N/A,2,15,2,4,3,2,2,5,5,5,3,4,5,4,5,4,5,3,4,2,1,3,1,2,3,3,3,4,1,4,4,2,4,5,5,5,4,4,3,5,2,2,2,1
vaa29,22,24.5,22,17,85.5,24,23,22,25,94,#N/A,#N/A,#N/A,#N/A,#N/A,#N/A,#N/A,#N/A,#N/A,#N/A,#N/A,#N/A,#N/A,#N/A,#N/A,#N/A,#N/A,#N/A,#N/A,#N/A,#N/A,#N/A,#N/A,#N/A,#N/A,#N/A,#N/A,#N/A,#N/A,#N/A,#N/A,#N/A,#N/A,#N/A,#N/A,#N/A,#N/A,#N/A,#N/A,#N/A,#N/A,#N/A,#N/A,#N/A,#N/A,#N/A,#N/A
via4,22,23,18,24,87,23,23.5,25,16,87.5,treat1,#N/A,#N/A,#N/A,#N/A,#N/A,#N/A,#N/A,#N/A,#N/A,#N/A,#N/A,#N/A,#N/A,#N/A,#N/A,#N/A,#N/A,#N/A,#N/A,#N/A,#N/A,#N/A,#N/A,#N/A,#N/A,3,2,4,4,2,2,2,4,2,2,3,3,4,2,1,2,2,1,3,2,1
cub5,22,21.5,22,24,89.5,24,23,25,13,85,#N/A,#N/A,#N/A,#N/A,#N/A,#N/A,#N/A,#N/A,#N/A,#N/A,#N/A,#N/A,#N/A,#N/A,#N/A,#N/A,#N/A,#N/A,#N/A,#N/A,#N/A,#N/A,#N/A,#N/A,#N/A,#N/A,#N/A,#N/A,#N/A,#N/A,#N/A,#N/A,#N/A,#N/A,#N/A,#N/A,#N/A,#N/A,#N/A,#N/A,#N/A,#N/A,#N/A,#N/A,#N/A,#N/A,#N/A
jb2359,25,25,22,25,97,24,24,25,25,98,treat3,#N/A,#N/A,#N/A,#N/A,#N/A,#N/A,#N/A,#N/A,#N/A,#N/A,#N/A,#N/A,#N/A,#N/A,#N/A,#N/A,#N/A,#N/A,#N/A,#N/A,#N/A,#N/A,#N/A,#N/A,#N/A,2,2,4,4,4,3,3,3,3,4,2,2,3,2,2,2,2,2,3,2,2
db795,24,22.5,22,23,91.5,0,0,0,0,0,#N/A,#N/A,#N/A,#N/A,#N/A,#N/A,#N/A,#N/A,#N/A,#N/A,#N/A,#N/A,#N/A,#N/A,#N/A,#N/A,#N/A,#N/A,#N/A,#N/A,#N/A,#N/A,#N/A,#N/A,#N/A,#N/A,1,1,1,1,2,1,1,2,1,1,1,1,1,1,1,1,1,1,1,1,1
hgb29,25,25,18,24.5,92.5,24,24,23,25,96,#N/A,#N/A,#N/A,#N/A,#N/A,#N/A,#N/A,#N/A,#N/A,#N/A,#N/A,#N/A,#N/A,#N/A,#N/A,#N/A,#N/A,#N/A,#N/A,#N/A,#N/A,#N/A,#N/A,#N/A,#N/A,#N/A,#N/A,#N/A,#N/A,#N/A,#N/A,#N/A,#N/A,#N/A,#N/A,#N/A,#N/A,#N/A,#N/A,#N/A,#N/A,#N/A,#N/A,#N/A,#N/A,#N/A,#N/A
ab2297,22,23,15,22,82,23,23,21,25,92,#N/A,#N/A,#N/A,#N/A,#N/A,#N/A,#N/A,#N/A,#N/A,#N/A,#N/A,#N/A,#N/A,#N/A,#N/A,#N/A,#N/A,#N/A,#N/A,#N/A,#N/A,#N/A,#N/A,#N/A,#N/A,#N/A,#N/A,#N/A,#N/A,#N/A,#N/A,#N/A,#N/A,#N/A,#N/A,#N/A,#N/A,#N/A,#N/A,#N/A,#N/A,#N/A,#N/A,#N/A,#N/A,#N/A,#N/A
amb552,25,23.5,18,24.5,91,24,25,22,25,96,#N/A,#N/A,#N/A,#N/A,#N/A,#N/A,#N/A,#N/A,#N/A,#N/A,#N/A,#N/A,#N/A,#N/A,#N/A,#N/A,#N/A,#N/A,#N/A,#N/A,#N/A,#N/A,#N/A,#N/A,#N/A,#N/A,#N/A,#N/A,#N/A,#N/A,#N/A,#N/A,#N/A,#N/A,#N/A,#N/A,#N/A,#N/A,#N/A,#N/A,#N/A,#N/A,#N/A,#N/A,#N/A,#N/A,#N/A
esb253,22,22.5,23,24,91.5,23,21.5,24,24,92.5,#N/A,#N/A,#N/A,#N/A,#N/A,#N/A,#N/A,#N/A,#N/A,#N/A,#N/A,#N/A,#N/A,#N/A,#N/A,#N/A,#N/A,#N/A,#N/A,#N/A,#N/A,#N/A,#N/A,#N/A,#N/A,#N/A,#N/A,#N/A,#N/A,#N/A,#N/A,#N/A,#N/A,#N/A,#N/A,#N/A,#N/A,#N/A,#N/A,#N/A,#N/A,#N/A,#N/A,#N/A,#N/A,#N/A,#N/A
rb634,22,13.5,14,20,69.5,20,13,19,9,61,#N/A,#N/A,#N/A,#N/A,#N/A,#N/A,#N/A,#N/A,#N/A,#N/A,#N/A,#N/A,#N/A,#N/A,#N/A,#N/A,#N/A,#N/A,#N/A,#N/A,#N/A,#N/A,#N/A,#N/A,#N/A,#N/A,#N/A,#N/A,#N/A,#N/A,#N/A,#N/A,#N/A,#N/A,#N/A,#N/A,#N/A,#N/A,#N/A,#N/A,#N/A,#N/A,#N/A,#N/A,#N/A,#N/A,#N/A
keb294,25,22.5,23,24,94.5,23,24,24,23,94,#N/A,#N/A,#N/A,#N/A,#N/A,#N/A,#N/A,#N/A,#N/A,#N/A,#N/A,#N/A,#N/A,#N/A,#N/A,#N/A,#N/A,#N/A,#N/A,#N/A,#N/A,#N/A,#N/A,#N/A,#N/A,#N/A,#N/A,#N/A,#N/A,#N/A,#N/A,#N/A,#N/A,#N/A,#N/A,#N/A,#N/A,#N/A,#N/A,#N/A,#N/A,#N/A,#N/A,#N/A,#N/A,#N/A,#N/A
cbb78,25,21.5,22,23,91.5,22,24,19,14,79,#N/A,#N/A,1,#N/A,#N/A,#N/A,#N/A,#N/A,#N/A,#N/A,#N/A,#N/A,#N/A,#N/A,#N/A,#N/A,#N/A,#N/A,#N/A,#N/A,#N/A,#N/A,#N/A,#N/A,#N/A,#N/A,#N/A,#N/A,#N/A,#N/A,#N/A,#N/A,#N/A,#N/A,#N/A,#N/A,#N/A,#N/A,#N/A,#N/A,#N/A,#N/A,#N/A,#N/A,#N/A,#N/A,#N/A
rb635,25,24.5,22,22.5,94,22,24,25,24,95,#N/A,#N/A,#N/A,#N/A,#N/A,#N/A,#N/A,#N/A,#N/A,#N/A,#N/A,#N/A,#N/A,#N/A,#N/A,#N/A,#N/A,#N/A,#N/A,#N/A,#N/A,#N/A,#N/A,#N/A,#N/A,#N/A,#N/A,#N/A,#N/A,#N/A,#N/A,#N/A,#N/A,#N/A,#N/A,#N/A,#N/A,#N/A,#N/A,#N/A,#N/A,#N/A,#N/A,#N/A,#N/A,#N/A,#N/A
hrb53,25,25,18,23,91,25,25,23,25,98,#N/A,#N/A,1,#N/A,#N/A,#N/A,#N/A,#N/A,#N/A,#N/A,#N/A,#N/A,#N/A,#N/A,#N/A,#N/A,#N/A,#N/A,#N/A,#N/A,#N/A,#N/A,#N/A,#N/A,#N/A,#N/A,#N/A,#N/A,#N/A,#N/A,#N/A,#N/A,#N/A,#N/A,#N/A,#N/A,#N/A,#N/A,#N/A,#N/A,#N/A,#N/A,#N/A,#N/A,#N/A,#N/A,#N/A
sdb246,21,22,22,24,89,25,24,25,23,97,treat2,1,#N/A,3,13,1,1,2,3,2,2,2,2,1,1,1,2,2,1,1,3,2,1,1,1,1,1,1,1,5,2,1,2,3,1,2,2,2,2,1,1,1,2,1,2,2,1
ab972,25,22,21,25,93,22,25,22,23,92,treat1,#N/A,#N/A,#N/A,#N/A,#N/A,#N/A,#N/A,#N/A,#N/A,#N/A,#N/A,#N/A,#N/A,#N/A,#N/A,#N/A,#N/A,#N/A,#N/A,#N/A,#N/A,#N/A,#N/A,#N/A,#N/A,2,3,4,4,4,2,2,3,2,4,2,2,3,2,2,2,2,2,3,2,2
ab2695,21,24,22,22.5,89.5,24,23,18,25,90,treat3,1,#N/A,#N/A,#N/A,#N/A,#N/A,#N/A,#N/A,#N/A,#N/A,#N/A,#N/A,#N/A,#N/A,#N/A,#N/A,#N/A,#N/A,#N/A,#N/A,#N/A,#N/A,#N/A,#N/A,#N/A,5,2,3,3,2,3,2,2,2,4,3,3,4,3,3,3,4,4,3,3,2
mab635,24,24,24,25,97,24,24.5,23,25,96.5,treat2,1,#N/A,2,13,2,2,1,1,1,1,1,2,2,3,2,2,2,1,1,1,1,1,1,1,1,2,2,1,2,1,1,1,2,2,2,2,2,2,1,2,2,4,2,1,1,1
keb289,24,23,22,24.5,93.5,24,17,23,14,78,#N/A,#N/A,#N/A,#N/A,#N/A,#N/A,#N/A,#N/A,#N/A,#N/A,#N/A,#N/A,#N/A,#N/A,#N/A,#N/A,#N/A,#N/A,#N/A,#N/A,#N/A,#N/A,#N/A,#N/A,#N/A,#N/A,#N/A,#N/A,#N/A,#N/A,#N/A,#N/A,#N/A,#N/A,#N/A,#N/A,#N/A,#N/A,#N/A,#N/A,#N/A,#N/A,#N/A,#N/A,#N/A,#N/A,#N/A
db632,25,22,25,19,91,24,25,22,21,92,treat3,1,#N/A,0,13,1,1,2,1,1,1,4,4,3,3,1,1,1,2,2,2,3,2,1,1,1,2,2,3,2,2,1,1,3,3,2,4,2,2,4,2,3,3,4,3,3,3
nb387,22,16,21,17,76,22,23,22,12,79,treat1,#N/A,#N/A,#N/A,#N/A,#N/A,#N/A,#N/A,#N/A,#N/A,#N/A,#N/A,#N/A,#N/A,#N/A,#N/A,#N/A,#N/A,#N/A,#N/A,#N/A,#N/A,#N/A,#N/A,#N/A,#N/A,2,1,3,1,1,1,1,3,1,4,3,2,3,3,2,2,2,2,1,2,1
omb8,25,23.5,21,24,93.5,24,25,25,25,99,treat3,#N/A,#N/A,#N/A,#N/A,#N/A,#N/A,#N/A,#N/A,#N/A,#N/A,#N/A,#N/A,#N/A,#N/A,#N/A,#N/A,#N/A,#N/A,#N/A,#N/A,#N/A,#N/A,#N/A,#N/A,#N/A,2,3,5,2,1,1,1,2,1,2,3,3,3,2,2,2,3,3,2,2,2
mb2569,23,22,20,23,88,24,24,18,22,88,#N/A,#N/A,1,#N/A,#N/A,#N/A,#N/A,#N/A,#N/A,#N/A,#N/A,#N/A,#N/A,#N/A,#N/A,#N/A,#N/A,#N/A,#N/A,#N/A,#N/A,#N/A,#N/A,#N/A,#N/A,#N/A,#N/A,#N/A,#N/A,#N/A,#N/A,#N/A,#N/A,#N/A,#N/A,#N/A,#N/A,#N/A,#N/A,#N/A,#N/A,#N/A,#N/A,#N/A,#N/A,#N/A,#N/A
mcb383,25,22,25,23,95,23,24.5,21,23,91.5,#N/A,#N/A,#N/A,#N/A,#N/A,#N/A,#N/A,#N/A,#N/A,#N/A,#N/A,#N/A,#N/A,#N/A,#N/A,#N/A,#N/A,#N/A,#N/A,#N/A,#N/A,#N/A,#N/A,#N/A,#N/A,#N/A,#N/A,#N/A,#N/A,#N/A,#N/A,#N/A,#N/A,#N/A,#N/A,#N/A,#N/A,#N/A,#N/A,#N/A,#N/A,#N/A,#N/A,#N/A,#N/A,#N/A,#N/A
slb366,18,23,22,21,84,,22.5,17,14,53.5,treat2,1,1,3,14,2,2,3,4,3,1,2,1,1,3,2,2,2,2,1,1,2,2,1,1,1,2,1,2,3,2,1,1,1,1,1,1,1,2,1,2,1,1,1,1,1,1
mlc354,25,23.5,22,25,95.5,23,25,25,25,98,#N/A,#N/A,#N/A,#N/A,#N/A,#N/A,#N/A,#N/A,#N/A,#N/A,#N/A,#N/A,#N/A,#N/A,#N/A,#N/A,#N/A,#N/A,#N/A,#N/A,#N/A,#N/A,#N/A,#N/A,#N/A,#N/A,#N/A,#N/A,#N/A,#N/A,#N/A,#N/A,#N/A,#N/A,#N/A,#N/A,#N/A,#N/A,#N/A,#N/A,#N/A,#N/A,#N/A,#N/A,#N/A,#N/A,#N/A
mc2497,23,24.5,21,23,91.5,22,16,20,22,80,treat3,1,#N/A,#N/A,#N/A,#N/A,#N/A,#N/A,#N/A,#N/A,#N/A,#N/A,#N/A,#N/A,#N/A,#N/A,#N/A,#N/A,#N/A,#N/A,#N/A,#N/A,#N/A,#N/A,#N/A,#N/A,1,1,1,4,2,2,2,2,4,3,2,2,2,2,2,4,2,2,4,2,2
cmc526,24,20,25,21,90,25,23,24,25,97,#N/A,#N/A,#N/A,#N/A,#N/A,#N/A,#N/A,#N/A,#N/A,#N/A,#N/A,#N/A,#N/A,#N/A,#N/A,#N/A,#N/A,#N/A,#N/A,#N/A,#N/A,#N/A,#N/A,#N/A,#N/A,#N/A,#N/A,#N/A,#N/A,#N/A,#N/A,#N/A,#N/A,#N/A,#N/A,#N/A,#N/A,#N/A,#N/A,#N/A,#N/A,#N/A,#N/A,#N/A,#N/A,#N/A,#N/A
sdc79,25,24.5,22,24,95.5,24,22,20,25,91,treat3,1,#N/A,3,13,1,2,2,4,2,2,1,2,2,3,1,2,2,2,2,2,3,1,1,1,1,1,2,1,4,2,1,1,1,1,2,2,2,2,1,1,2,1,2,2,2,1
jec423,23,25,22,19,89,24,25,25,25,99,#N/A,#N/A,#N/A,#N/A,#N/A,#N/A,#N/A,#N/A,#N/A,#N/A,#N/A,#N/A,#N/A,#N/A,#N/A,#N/A,#N/A,#N/A,#N/A,#N/A,#N/A,#N/A,#N/A,#N/A,#N/A,#N/A,#N/A,#N/A,#N/A,#N/A,#N/A,#N/A,#N/A,#N/A,#N/A,#N/A,#N/A,#N/A,#N/A,#N/A,#N/A,#N/A,#N/A,#N/A,#N/A,#N/A,#N/A
mc2238,25,21,22,25,93,24,24,24,23,95,treat2,#N/A,#N/A,#N/A,#N/A,#N/A,#N/A,#N/A,#N/A,#N/A,#N/A,#N/A,#N/A,#N/A,#N/A,#N/A,#N/A,#N/A,#N/A,#N/A,#N/A,#N/A,#N/A,#N/A,#N/A,#N/A,2,2,2,2,1,1,2,2,2,2,3,3,3,2,2,2,3,3,3,2,2
hmc64,25,21,18,25,89,23,23,24,19,89,#N/A,#N/A,#N/A,#N/A,#N/A,#N/A,#N/A,#N/A,#N/A,#N/A,#N/A,#N/A,#N/A,#N/A,#N/A,#N/A,#N/A,#N/A,#N/A,#N/A,#N/A,#N/A,#N/A,#N/A,#N/A,#N/A,#N/A,#N/A,#N/A,#N/A,#N/A,#N/A,#N/A,#N/A,#N/A,#N/A,#N/A,#N/A,#N/A,#N/A,#N/A,#N/A,#N/A,#N/A,#N/A,#N/A,#N/A
yc795,25,20.5,22,23,90.5,24,24,25,21,94,#N/A,#N/A,#N/A,#N/A,#N/A,#N/A,#N/A,#N/A,#N/A,#N/A,#N/A,#N/A,#N/A,#N/A,#N/A,#N/A,#N/A,#N/A,#N/A,#N/A,#N/A,#N/A,#N/A,#N/A,#N/A,#N/A,#N/A,#N/A,#N/A,#N/A,#N/A,#N/A,#N/A,#N/A,#N/A,#N/A,#N/A,#N/A,#N/A,#N/A,#N/A,#N/A,#N/A,#N/A,#N/A,#N/A,#N/A
mmc324,25,20.5,18,23,86.5,24,24,25,23,96,treat1,1,#N/A,1,14,2,3,3,2,4,2,2,4,2,3,1,3,2,2,2,2,2,1,2,2,1,2,2,4,4,4,2,1,2,2,2,3,4,2,2,2,1,3,1,2,3,1
hc892,25,23,22,23.5,93.5,23,22,21,22,88,#N/A,#N/A,1,#N/A,#N/A,#N/A,#N/A,#N/A,#N/A,#N/A,#N/A,#N/A,#N/A,#N/A,#N/A,#N/A,#N/A,#N/A,#N/A,#N/A,#N/A,#N/A,#N/A,#N/A,#N/A,#N/A,#N/A,#N/A,#N/A,#N/A,#N/A,#N/A,#N/A,#N/A,#N/A,#N/A,#N/A,#N/A,#N/A,#N/A,#N/A,#N/A,#N/A,#N/A,#N/A,#N/A,#N/A
sc2235,25,23,22,23.5,93.5,24,23.5,23,24,94.5,treat2,#N/A,#N/A,#N/A,#N/A,#N/A,#N/A,#N/A,#N/A,#N/A,#N/A,#N/A,#N/A,#N/A,#N/A,#N/A,#N/A,#N/A,#N/A,#N/A,#N/A,#N/A,#N/A,#N/A,#N/A,#N/A,2,2,3,2,4,1,1,1,2,2,3,4,4,3,2,2,2,2,4,4,4
cgc222,25,22,25,25,97,24,19,25,23,91,#N/A,#N/A,#N/A,#N/A,#N/A,#N/A,#N/A,#N/A,#N/A,#N/A,#N/A,#N/A,#N/A,#N/A,#N/A,#N/A,#N/A,#N/A,#N/A,#N/A,#N/A,#N/A,#N/A,#N/A,#N/A,#N/A,#N/A,#N/A,#N/A,#N/A,#N/A,#N/A,#N/A,#N/A,#N/A,#N/A,#N/A,#N/A,#N/A,#N/A,#N/A,#N/A,#N/A,#N/A,#N/A,#N/A,#N/A
ctc85,25,23,25,25,98,24,25,24,23,96,treat1,1,#N/A,2,14,3,4,4,3,2,1,2,3,2,3,4,2,3,3,2,2,4,2,2,3,1,4,2,4,4,3,2,3,3,2,3,4,3,2,2,3,1,3,2,3,3,2
yc2385,23,25,22,21,91,24,22,21,15,82,#N/A,#N/A,#N/A,#N/A,#N/A,#N/A,#N/A,#N/A,#N/A,#N/A,#N/A,#N/A,#N/A,#N/A,#N/A,#N/A,#N/A,#N/A,#N/A,#N/A,#N/A,#N/A,#N/A,#N/A,#N/A,#N/A,#N/A,#N/A,#N/A,#N/A,#N/A,#N/A,#N/A,#N/A,#N/A,#N/A,#N/A,#N/A,#N/A,#N/A,#N/A,#N/A,#N/A,#N/A,#N/A,#N/A,#N/A
sc2538,25,24,18,24.5,91.5,24,25,22,23,94,treat3,1,#N/A,1,13,4,1,2,2,2,2,2,2,2,2,2,2,2,2,2,2,2,2,2,2,2,3,1,1,2,2,1,1,2,2,2,2,2,2,1,1,2,2,1,1,2,1
vmc44,23,23,22,17.5,85.5,21,21.5,20,21,83.5,#N/A,#N/A,#N/A,#N/A,#N/A,#N/A,#N/A,#N/A,#N/A,#N/A,#N/A,#N/A,#N/A,#N/A,#N/A,#N/A,#N/A,#N/A,#N/A,#N/A,#N/A,#N/A,#N/A,#N/A,#N/A,#N/A,#N/A,#N/A,#N/A,#N/A,#N/A,#N/A,#N/A,#N/A,#N/A,#N/A,#N/A,#N/A,#N/A,#N/A,#N/A,#N/A,#N/A,#N/A,#N/A,#N/A,#N/A
djc428,25,25,21,23.5,94.5,24,25,22.5,23,94.5,#N/A,#N/A,#N/A,#N/A,#N/A,#N/A,#N/A,#N/A,#N/A,#N/A,#N/A,#N/A,#N/A,#N/A,#N/A,#N/A,#N/A,#N/A,#N/A,#N/A,#N/A,#N/A,#N/A,#N/A,#N/A,#N/A,#N/A,#N/A,#N/A,#N/A,#N/A,#N/A,#N/A,#N/A,#N/A,#N/A,#N/A,#N/A,#N/A,#N/A,#N/A,#N/A,#N/A,#N/A,#N/A,#N/A,#N/A
smc479,25,25,18,25,93,24,25,24,25,98,treat1,1,#N/A,2,13,3,3,2,2,1,2,1,1,1,2,2,1,2,2,1,1,2,2,1,1,1,3,1,1,1,3,2,2,2,2,3,2,1,2,2,1,2,2,1,1,2,1
mkc228,25,24.5,18,15.5,83,23,24,24,19,90,treat1,#N/A,1,#N/A,#N/A,#N/A,#N/A,#N/A,#N/A,#N/A,#N/A,#N/A,#N/A,#N/A,#N/A,#N/A,#N/A,#N/A,#N/A,#N/A,#N/A,#N/A,#N/A,#N/A,#N/A,#N/A,4,4,3,2,5,4,5,4,4,4,4,4,5,2,3,2,3,2,4,3,2
sec288,22,19.5,22,20,83.5,24,24.5,22,23,93.5,treat1,1,#N/A,3,14,2,2,3,4,2,2,2,2,2,2,2,3,3,3,2,2,3,2,2,2,2,2,3,2,2,2,2,2,2,2,2,2,2,2,2,2,2,2,2,2,2,2
ljc238,25,24.5,23,23,95.5,24,25,25,25,99,treat3,#N/A,#N/A,#N/A,#N/A,#N/A,#N/A,#N/A,#N/A,#N/A,#N/A,#N/A,#N/A,#N/A,#N/A,#N/A,#N/A,#N/A,#N/A,#N/A,#N/A,#N/A,#N/A,#N/A,#N/A,#N/A,2,4,5,2,1,2,1,1,1,3,3,4,4,3,2,2,2,2,1,2,1
aic39,22,22.5,18,14,76.5,23,23,25,23,94,treat2,1,#N/A,3,14,3,2,2,4,4,2,2,4,2,2,2,2,2,2,2,2,2,2,2,2,1,3,2,3,4,4,4,4,4,4,4,4,4,4,2,3,2,2,2,2,2,2
emc294,25,24.5,23,24,96.5,24,25,21,21,91,treat3,#N/A,#N/A,#N/A,#N/A,#N/A,#N/A,#N/A,#N/A,#N/A,#N/A,#N/A,#N/A,#N/A,#N/A,#N/A,#N/A,#N/A,#N/A,#N/A,#N/A,#N/A,#N/A,#N/A,#N/A,#N/A,2,2,1,2,1,1,1,2,2,2,2,2,2,2,2,2,3,3,2,2,2
aac99,25,22,22,24,93,24,23,22,25,94,#N/A,#N/A,#N/A,#N/A,#N/A,#N/A,#N/A,#N/A,#N/A,#N/A,#N/A,#N/A,#N/A,#N/A,#N/A,#N/A,#N/A,#N/A,#N/A,#N/A,#N/A,#N/A,#N/A,#N/A,#N/A,#N/A,#N/A,#N/A,#N/A,#N/A,#N/A,#N/A,#N/A,#N/A,#N/A,#N/A,#N/A,#N/A,#N/A,#N/A,#N/A,#N/A,#N/A,#N/A,#N/A,#N/A,#N/A
egc58,20,22,20,22.5,84.5,21,22,19,17,79,treat2,#N/A,#N/A,#N/A,#N/A,#N/A,#N/A,#N/A,#N/A,#N/A,#N/A,#N/A,#N/A,#N/A,#N/A,#N/A,#N/A,#N/A,#N/A,#N/A,#N/A,#N/A,#N/A,#N/A,#N/A,#N/A,2,1,2,2,2,2,2,2,1,2,3,2,2,2,2,2,2,2,2,2,2
cmc547,22,21,20,19,82,22,21,22,23,88,#N/A,#N/A,#N/A,#N/A,#N/A,#N/A,#N/A,#N/A,#N/A,#N/A,#N/A,#N/A,#N/A,#N/A,#N/A,#N/A,#N/A,#N/A,#N/A,#N/A,#N/A,#N/A,#N/A,#N/A,#N/A,#N/A,#N/A,#N/A,#N/A,#N/A,#N/A,#N/A,#N/A,#N/A,#N/A,#N/A,#N/A,#N/A,#N/A,#N/A,#N/A,#N/A,#N/A,#N/A,#N/A,#N/A,#N/A
jac734,25,22.5,18,25,90.5,25,25,25,23,98,treat1,1,#N/A,2,13,1,1,1,1,1,1,1,1,1,1,1,1,1,1,1,1,1,1,1,1,1,1,2,2,2,2,2,1,2,2,2,1,2,2,2,2,2,1,1,1,1,1
ctc95,25,25,25,24.5,99.5,24,23,25,25,97,treat3,1,#N/A,2,14,3,2,2,3,2,1,1,1,2,2,3,1,3,2,2,2,2,2,2,2,2,2,2,2,2,2,1,2,3,2,2,1,2,1,1,1,2,2,2,2,2,1
anc74,25,23,21,24,93,22,24,25,19,90,treat1,#N/A,#N/A,#N/A,#N/A,#N/A,#N/A,#N/A,#N/A,#N/A,#N/A,#N/A,#N/A,#N/A,#N/A,#N/A,#N/A,#N/A,#N/A,#N/A,#N/A,#N/A,#N/A,#N/A,#N/A,#N/A,1,1,2,1,2,1,1,2,1,2,1,1,2,1,1,1,1,1,2,2,1
jgc238,24,23,22,24,93,16,23.5,21,17,77.5,treat2,1,#N/A,3,14,2,3,3,3,3,4,3,3,3,3,2,2,2,3,2,2,2,2,2,2,2,3,3,4,4,4,4,3,3,2,2,3,2,2,2,2,2,2,2,2,2,2
xc246,25,25,22,24.5,96.5,24,23,25,23,95,treat2,1,1,3,13,1,1,2,2,1,1,1,2,2,2,1,2,2,1,2,1,2,1,1,4,1,1,1,2,4,2,1,1,2,1,2,2,1,1,1,1,1,2,1,1,2,1
asc327,24,21.5,25,24,94.5,24,24,25,19,92,treat1,1,#N/A,3,14,1,1,2,4,2,2,2,4,2,3,2,2,2,2,2,2,4,2,3,2,1,2,2,3,4,3,2,2,3,2,2,2,2,3,2,2,2,4,2,2,2,2
mec377,25,24,23,23.5,95.5,24,25,24,24,97,#N/A,#N/A,#N/A,#N/A,#N/A,#N/A,#N/A,#N/A,#N/A,#N/A,#N/A,#N/A,#N/A,#N/A,#N/A,#N/A,#N/A,#N/A,#N/A,#N/A,#N/A,#N/A,#N/A,#N/A,#N/A,#N/A,#N/A,#N/A,#N/A,#N/A,#N/A,#N/A,#N/A,#N/A,#N/A,#N/A,#N/A,#N/A,#N/A,#N/A,#N/A,#N/A,#N/A,#N/A,#N/A,#N/A,#N/A
gd369,25,23,22,23,93,22,24.5,22,22,90.5,treat1,#N/A,1,#N/A,#N/A,#N/A,#N/A,#N/A,#N/A,#N/A,#N/A,#N/A,#N/A,#N/A,#N/A,#N/A,#N/A,#N/A,#N/A,#N/A,#N/A,#N/A,#N/A,#N/A,#N/A,#N/A,3,2,2,3,4,2,2,2,1,1,1,1,1,1,1,1,1,1,1,1,1
ard99,25,20,18,25,88,23,22,23,15,83,#N/A,#N/A,#N/A,#N/A,#N/A,#N/A,#N/A,#N/A,#N/A,#N/A,#N/A,#N/A,#N/A,#N/A,#N/A,#N/A,#N/A,#N/A,#N/A,#N/A,#N/A,#N/A,#N/A,#N/A,#N/A,#N/A,#N/A,#N/A,#N/A,#N/A,#N/A,#N/A,#N/A,#N/A,#N/A,#N/A,#N/A,#N/A,#N/A,#N/A,#N/A,#N/A,#N/A,#N/A,#N/A,#N/A,#N/A
td343,25,22,18,23,88,23,23,20,21,87,#N/A,#N/A,#N/A,#N/A,#N/A,#N/A,#N/A,#N/A,#N/A,#N/A,#N/A,#N/A,#N/A,#N/A,#N/A,#N/A,#N/A,#N/A,#N/A,#N/A,#N/A,#N/A,#N/A,#N/A,#N/A,#N/A,#N/A,#N/A,#N/A,#N/A,#N/A,#N/A,#N/A,#N/A,#N/A,#N/A,#N/A,#N/A,#N/A,#N/A,#N/A,#N/A,#N/A,#N/A,#N/A,#N/A,#N/A
bwd46,20,11.5,21,20,72.5,21,21,17,12,71,#N/A,#N/A,#N/A,#N/A,#N/A,#N/A,#N/A,#N/A,#N/A,#N/A,#N/A,#N/A,#N/A,#N/A,#N/A,#N/A,#N/A,#N/A,#N/A,#N/A,#N/A,#N/A,#N/A,#N/A,#N/A,#N/A,#N/A,#N/A,#N/A,#N/A,#N/A,#N/A,#N/A,#N/A,#N/A,#N/A,#N/A,#N/A,#N/A,#N/A,#N/A,#N/A,#N/A,#N/A,#N/A,#N/A,#N/A
aed229,25,25,21,24.5,95.5,25,23,25,23,96,treat1,1,#N/A,1,13,2,2,4,3,2,2,2,2,2,2,2,2,2,2,2,2,2,2,2,2,2,2,2,2,2,2,2,2,2,2,2,2,2,4,2,2,2,2,2,2,2,1
isd9,25,25,18,24,92,24,25,24,25,98,#N/A,#N/A,#N/A,#N/A,#N/A,#N/A,#N/A,#N/A,#N/A,#N/A,#N/A,#N/A,#N/A,#N/A,#N/A,#N/A,#N/A,#N/A,#N/A,#N/A,#N/A,#N/A,#N/A,#N/A,#N/A,#N/A,#N/A,#N/A,#N/A,#N/A,#N/A,#N/A,#N/A,#N/A,#N/A,#N/A,#N/A,#N/A,#N/A,#N/A,#N/A,#N/A,#N/A,#N/A,#N/A,#N/A,#N/A
dbd63,25,24,21,25,95,24,25,24,25,98,#N/A,#N/A,#N/A,#N/A,#N/A,#N/A,#N/A,#N/A,#N/A,#N/A,#N/A,#N/A,#N/A,#N/A,#N/A,#N/A,#N/A,#N/A,#N/A,#N/A,#N/A,#N/A,#N/A,#N/A,#N/A,#N/A,#N/A,#N/A,#N/A,#N/A,#N/A,#N/A,#N/A,#N/A,#N/A,#N/A,#N/A,#N/A,#N/A,#N/A,#N/A,#N/A,#N/A,#N/A,#N/A,#N/A,#N/A
vad34,24,22.5,22,18,86.5,24,24.5,21,17,86.5,#N/A,#N/A,#N/A,#N/A,#N/A,#N/A,#N/A,#N/A,#N/A,#N/A,#N/A,#N/A,#N/A,#N/A,#N/A,#N/A,#N/A,#N/A,#N/A,#N/A,#N/A,#N/A,#N/A,#N/A,#N/A,#N/A,#N/A,#N/A,#N/A,#N/A,#N/A,#N/A,#N/A,#N/A,#N/A,#N/A,#N/A,#N/A,#N/A,#N/A,#N/A,#N/A,#N/A,#N/A,#N/A,#N/A,#N/A
cmd328,22,24.5,21,24.5,92,24,24,23.5,17,88.5,treat1,1,#N/A,3,14,2,2,2,2,1,1,1,1,1,4,2,2,2,2,3,1,4,1,2,2,1,2,2,1,2,1,1,1,1,1,3,2,2,1,1,2,2,2,2,1,1,1
smd357,25,24.5,21,24,94.5,24,24,24,25,97,treat3,1,1,1,15,2,2,4,5,5,5,4,3,2,2,1,3,2,1,2,2,4,2,2,2,1,2,1,3,5,2,2,2,3,1,2,2,3,3,3,2,2,2,2,2,4,2
twd36,21,12,22,19,74,23,19.5,21.5,14,78,#N/A,#N/A,#N/A,#N/A,#N/A,#N/A,#N/A,#N/A,#N/A,#N/A,#N/A,#N/A,#N/A,#N/A,#N/A,#N/A,#N/A,#N/A,#N/A,#N/A,#N/A,#N/A,#N/A,#N/A,#N/A,#N/A,#N/A,#N/A,#N/A,#N/A,#N/A,#N/A,#N/A,#N/A,#N/A,#N/A,#N/A,#N/A,#N/A,#N/A,#N/A,#N/A,#N/A,#N/A,#N/A,#N/A,#N/A
jpd274,25,23.5,18,24.5,91,24,25,20,21,90,#N/A,#N/A,#N/A,#N/A,#N/A,#N/A,#N/A,#N/A,#N/A,#N/A,#N/A,#N/A,#N/A,#N/A,#N/A,#N/A,#N/A,#N/A,#N/A,#N/A,#N/A,#N/A,#N/A,#N/A,#N/A,#N/A,#N/A,#N/A,#N/A,#N/A,#N/A,#N/A,#N/A,#N/A,#N/A,#N/A,#N/A,#N/A,#N/A,#N/A,#N/A,#N/A,#N/A,#N/A,#N/A,#N/A,#N/A
rsd227,25,25,21,23.5,94.5,24,25,22,17,88,#N/A,#N/A,#N/A,#N/A,#N/A,#N/A,#N/A,#N/A,#N/A,#N/A,#N/A,#N/A,#N/A,#N/A,#N/A,#N/A,#N/A,#N/A,#N/A,#N/A,#N/A,#N/A,#N/A,#N/A,#N/A,#N/A,#N/A,#N/A,#N/A,#N/A,#N/A,#N/A,#N/A,#N/A,#N/A,#N/A,#N/A,#N/A,#N/A,#N/A,#N/A,#N/A,#N/A,#N/A,#N/A,#N/A,#N/A
mfd62,25,25,25,25,100,25,20,25,23,93,treat2,1,#N/A,3,14,2,4,5,4,4,2,2,4,2,4,5,4,4,5,2,4,2,4,1,1,1,2,2,2,2,2,1,1,3,1,2,4,4,4,3,2,2,2,1,1,1,1
ad676,25,20.5,18,22,85.5,22,22,22,19,85,#N/A,#N/A,#N/A,#N/A,#N/A,#N/A,#N/A,#N/A,#N/A,#N/A,#N/A,#N/A,#N/A,#N/A,#N/A,#N/A,#N/A,#N/A,#N/A,#N/A,#N/A,#N/A,#N/A,#N/A,#N/A,#N/A,#N/A,#N/A,#N/A,#N/A,#N/A,#N/A,#N/A,#N/A,#N/A,#N/A,#N/A,#N/A,#N/A,#N/A,#N/A,#N/A,#N/A,#N/A,#N/A,#N/A,#N/A
ane25,21,19,18,19.5,77.5,19,17,18,10,64,treat2,#N/A,#N/A,#N/A,#N/A,#N/A,#N/A,#N/A,#N/A,#N/A,#N/A,#N/A,#N/A,#N/A,#N/A,#N/A,#N/A,#N/A,#N/A,#N/A,#N/A,#N/A,#N/A,#N/A,#N/A,#N/A,2,3,2,2,2,2,2,2,3,2,1,2,2,1,2,1,2,3,1,1,1
ime24,23,23.5,18,23,87.5,24,22,25,25,96,#N/A,#N/A,1,#N/A,#N/A,#N/A,#N/A,#N/A,#N/A,#N/A,#N/A,#N/A,#N/A,#N/A,#N/A,#N/A,#N/A,#N/A,#N/A,#N/A,#N/A,#N/A,#N/A,#N/A,#N/A,#N/A,#N/A,#N/A,#N/A,#N/A,#N/A,#N/A,#N/A,#N/A,#N/A,#N/A,#N/A,#N/A,#N/A,#N/A,#N/A,#N/A,#N/A,#N/A,#N/A,#N/A,#N/A
ime26,25,24.5,18,23,90.5,24,22,23,23,92,treat3,1,#N/A,0,14,2,3,2,4,2,1,2,2,1,2,1,2,1,2,2,1,4,2,2,1,1,2,3,2,4,2,1,1,2,2,2,1,2,1,1,2,2,2,2,1,2,1
sf449,25,23,25,25,98,24,23,24,25,96,treat1,#N/A,#N/A,#N/A,#N/A,#N/A,#N/A,#N/A,#N/A,#N/A,#N/A,#N/A,#N/A,#N/A,#N/A,#N/A,#N/A,#N/A,#N/A,#N/A,#N/A,#N/A,#N/A,#N/A,#N/A,#N/A,3,2,2,2,3,2,2,2,2,2,2,2,4,2,1,2,1,2,2,2,2
wf226,25,9,21,24.5,79.5,22,9,19,21,71,treat1,#N/A,#N/A,#N/A,#N/A,#N/A,#N/A,#N/A,#N/A,#N/A,#N/A,#N/A,#N/A,#N/A,#N/A,#N/A,#N/A,#N/A,#N/A,#N/A,#N/A,#N/A,#N/A,#N/A,#N/A,#N/A,4,2,2,3,3,4,3,3,2,4,3,4,3,2,2,2,2,2,3,3,2
dbf73,25,24.5,22,24,95.5,24,25,24,23,96,#N/A,#N/A,#N/A,#N/A,#N/A,#N/A,#N/A,#N/A,#N/A,#N/A,#N/A,#N/A,#N/A,#N/A,#N/A,#N/A,#N/A,#N/A,#N/A,#N/A,#N/A,#N/A,#N/A,#N/A,#N/A,#N/A,#N/A,#N/A,#N/A,#N/A,#N/A,#N/A,#N/A,#N/A,#N/A,#N/A,#N/A,#N/A,#N/A,#N/A,#N/A,#N/A,#N/A,#N/A,#N/A,#N/A,#N/A
daf273,25,23.5,25,25,98.5,23,25,24,12,84,#N/A,#N/A,#N/A,#N/A,#N/A,#N/A,#N/A,#N/A,#N/A,#N/A,#N/A,#N/A,#N/A,#N/A,#N/A,#N/A,#N/A,#N/A,#N/A,#N/A,#N/A,#N/A,#N/A,#N/A,#N/A,#N/A,#N/A,#N/A,#N/A,#N/A,#N/A,#N/A,#N/A,#N/A,#N/A,#N/A,#N/A,#N/A,#N/A,#N/A,#N/A,#N/A,#N/A,#N/A,#N/A,#N/A,#N/A
elf79,25,24,18,25,92,24,24,24,19,91,treat1,1,1,2,13,2,3,2,4,1,2,2,2,1,3,2,1,3,2,2,3,3,1,1,2,1,1,2,1,2,2,2,2,2,1,2,3,1,4,2,3,2,2,2,1,1,1
haf52,22,21.5,19,21.5,84,24,19,18.5,19,80.5,#N/A,#N/A,#N/A,#N/A,#N/A,#N/A,#N/A,#N/A,#N/A,#N/A,#N/A,#N/A,#N/A,#N/A,#N/A,#N/A,#N/A,#N/A,#N/A,#N/A,#N/A,#N/A,#N/A,#N/A,#N/A,#N/A,#N/A,#N/A,#N/A,#N/A,#N/A,#N/A,#N/A,#N/A,#N/A,#N/A,#N/A,#N/A,#N/A,#N/A,#N/A,#N/A,#N/A,#N/A,#N/A,#N/A,#N/A
lnf25,25,25,25,25,100,23,25,25,19,92,treat3,#N/A,#N/A,#N/A,#N/A,#N/A,#N/A,#N/A,#N/A,#N/A,#N/A,#N/A,#N/A,#N/A,#N/A,#N/A,#N/A,#N/A,#N/A,#N/A,#N/A,#N/A,#N/A,#N/A,#N/A,#N/A,1,2,1,3,2,2,2,2,2,2,2,2,2,2,2,1,2,2,2,2,2
arf73,21,19.5,18,17.5,76,24,24,24,23,95,treat2,1,#N/A,2,13,2,3,3,2,2,1,2,2,2,1,2,4,4,2,2,4,2,2,1,2,2,4,3,4,5,2,2,1,3,2,3,2,2,2,2,2,2,2,2,3,2,2
ebf46,25,25,25,24,99,23,24,25,25,97,#N/A,#N/A,1,#N/A,#N/A,#N/A,#N/A,#N/A,#N/A,#N/A,#N/A,#N/A,#N/A,#N/A,#N/A,#N/A,#N/A,#N/A,#N/A,#N/A,#N/A,#N/A,#N/A,#N/A,#N/A,#N/A,#N/A,#N/A,#N/A,#N/A,#N/A,#N/A,#N/A,#N/A,#N/A,#N/A,#N/A,#N/A,#N/A,#N/A,#N/A,#N/A,#N/A,#N/A,#N/A,#N/A,#N/A
asf223,22,22.5,18,18.5,81,15,25,22.5,25,87.5,treat1,1,#N/A,3,13,2,2,3,5,3,4,3,3,2,5,3,4,4,1,3,1,5,3,1,1,1,5,2,2,5,5,2,2,2,2,3,2,3,2,2,2,3,1,2,1,1,1
hf245,24,20,20,24,88,23,25,23,16,87,#N/A,#N/A,#N/A,#N/A,#N/A,#N/A,#N/A,#N/A,#N/A,#N/A,#N/A,#N/A,#N/A,#N/A,#N/A,#N/A,#N/A,#N/A,#N/A,#N/A,#N/A,#N/A,#N/A,#N/A,#N/A,#N/A,#N/A,#N/A,#N/A,#N/A,#N/A,#N/A,#N/A,#N/A,#N/A,#N/A,#N/A,#N/A,#N/A,#N/A,#N/A,#N/A,#N/A,#N/A,#N/A,#N/A,#N/A
mg894,25,25,18,18,86,24,24.5,24,23,95.5,#N/A,#N/A,#N/A,#N/A,#N/A,#N/A,#N/A,#N/A,#N/A,#N/A,#N/A,#N/A,#N/A,#N/A,#N/A,#N/A,#N/A,#N/A,#N/A,#N/A,#N/A,#N/A,#N/A,#N/A,#N/A,#N/A,#N/A,#N/A,#N/A,#N/A,#N/A,#N/A,#N/A,#N/A,#N/A,#N/A,#N/A,#N/A,#N/A,#N/A,#N/A,#N/A,#N/A,#N/A,#N/A,#N/A,#N/A
eg556,25,23,12,23,83,25,25,25,25,100,treat3,#N/A,#N/A,#N/A,#N/A,#N/A,#N/A,#N/A,#N/A,#N/A,#N/A,#N/A,#N/A,#N/A,#N/A,#N/A,#N/A,#N/A,#N/A,#N/A,#N/A,#N/A,#N/A,#N/A,#N/A,#N/A,3,2,2,2,1,1,1,2,2,1,3,1,2,2,1,1,2,2,1,3,1
gg373,25,18.5,21,17.5,82,23,13,19,22,77,treat1,#N/A,#N/A,#N/A,#N/A,#N/A,#N/A,#N/A,#N/A,#N/A,#N/A,#N/A,#N/A,#N/A,#N/A,#N/A,#N/A,#N/A,#N/A,#N/A,#N/A,#N/A,#N/A,#N/A,#N/A,#N/A,2,1,2,2,3,2,2,3,3,3,3,2,2,2,2,2,2,2,2,2,2
mtg86,25,23.5,22,23.5,94,24,23,25,19,91,treat3,1,#N/A,0,14,3,3,4,2,2,2,2,2,2,3,3,2,3,2,2,2,2,2,2,2,2,2,2,2,4,2,2,2,3,2,4,3,3,3,3,2,2,2,3,2,2,2
bag222,25,21.5,21,23.5,91,24,23,21,23,91,treat2,1,#N/A,2,13,1,1,2,2,1,1,1,3,1,1,1,2,2,1,1,2,1,1,2,2,1,2,2,3,2,2,2,2,3,2,2,2,2,2,2,2,2,2,2,2,3,2
nkg24,25,21,18,21.5,85.5,25,21,19,23,88,treat2,1,#N/A,4,14,2,2,2,2,3,1,2,2,2,3,2,2,2,2,1,3,2,2,1,1,1,1,2,3,2,2,2,2,3,2,2,2,3,2,2,2,3,2,2,2,2,1
tag225,25,19,15,19,78,23,23,22,13,81,treat1,#N/A,#N/A,#N/A,#N/A,#N/A,#N/A,#N/A,#N/A,#N/A,#N/A,#N/A,#N/A,#N/A,#N/A,#N/A,#N/A,#N/A,#N/A,#N/A,#N/A,#N/A,#N/A,#N/A,#N/A,#N/A,2,5,5,5,4,2,4,3,2,5,5,2,5,5,2,2,4,2,2,2,2
dwg83,23,23,21,25,92,25,23.5,22,20,90.5,#N/A,#N/A,#N/A,#N/A,#N/A,#N/A,#N/A,#N/A,#N/A,#N/A,#N/A,#N/A,#N/A,#N/A,#N/A,#N/A,#N/A,#N/A,#N/A,#N/A,#N/A,#N/A,#N/A,#N/A,#N/A,#N/A,#N/A,#N/A,#N/A,#N/A,#N/A,#N/A,#N/A,#N/A,#N/A,#N/A,#N/A,#N/A,#N/A,#N/A,#N/A,#N/A,#N/A,#N/A,#N/A,#N/A,#N/A
gg457,25,22,21,24,92,24,24,20,23,91,#N/A,#N/A,#N/A,#N/A,#N/A,#N/A,#N/A,#N/A,#N/A,#N/A,#N/A,#N/A,#N/A,#N/A,#N/A,#N/A,#N/A,#N/A,#N/A,#N/A,#N/A,#N/A,#N/A,#N/A,#N/A,#N/A,#N/A,#N/A,#N/A,#N/A,#N/A,#N/A,#N/A,#N/A,#N/A,#N/A,#N/A,#N/A,#N/A,#N/A,#N/A,#N/A,#N/A,#N/A,#N/A,#N/A,#N/A
mag388,23,24.5,19,22,88.5,22,20,24,23,89,#N/A,#N/A,#N/A,#N/A,#N/A,#N/A,#N/A,#N/A,#N/A,#N/A,#N/A,#N/A,#N/A,#N/A,#N/A,#N/A,#N/A,#N/A,#N/A,#N/A,#N/A,#N/A,#N/A,#N/A,#N/A,#N/A,#N/A,#N/A,#N/A,#N/A,#N/A,#N/A,#N/A,#N/A,#N/A,#N/A,#N/A,#N/A,#N/A,#N/A,#N/A,#N/A,#N/A,#N/A,#N/A,#N/A,#N/A
tjg77,24,21,21,24,90,24,21,22,23,90,#N/A,#N/A,#N/A,#N/A,#N/A,#N/A,#N/A,#N/A,#N/A,#N/A,#N/A,#N/A,#N/A,#N/A,#N/A,#N/A,#N/A,#N/A,#N/A,#N/A,#N/A,#N/A,#N/A,#N/A,#N/A,#N/A,#N/A,#N/A,#N/A,#N/A,#N/A,#N/A,#N/A,#N/A,#N/A,#N/A,#N/A,#N/A,#N/A,#N/A,#N/A,#N/A,#N/A,#N/A,#N/A,#N/A,#N/A
tmg66,25,25,21,24,95,24,25,21,25,95,#N/A,#N/A,#N/A,#N/A,#N/A,#N/A,#N/A,#N/A,#N/A,#N/A,#N/A,#N/A,#N/A,#N/A,#N/A,#N/A,#N/A,#N/A,#N/A,#N/A,#N/A,#N/A,#N/A,#N/A,#N/A,#N/A,#N/A,#N/A,#N/A,#N/A,#N/A,#N/A,#N/A,#N/A,#N/A,#N/A,#N/A,#N/A,#N/A,#N/A,#N/A,#N/A,#N/A,#N/A,#N/A,#N/A,#N/A
sg2343,22,22.5,25,24,93.5,23,24,24,21,92,treat1,#N/A,#N/A,#N/A,#N/A,#N/A,#N/A,#N/A,#N/A,#N/A,#N/A,#N/A,#N/A,#N/A,#N/A,#N/A,#N/A,#N/A,#N/A,#N/A,#N/A,#N/A,#N/A,#N/A,#N/A,#N/A,2,1,2,2,2,2,2,1,2,2,2,1,4,2,1,1,2,2,2,2,1
jag526,24,23.5,18,25,90.5,24,24,21,23,92,treat2,#N/A,#N/A,#N/A,#N/A,#N/A,#N/A,#N/A,#N/A,#N/A,#N/A,#N/A,#N/A,#N/A,#N/A,#N/A,#N/A,#N/A,#N/A,#N/A,#N/A,#N/A,#N/A,#N/A,#N/A,#N/A,2,1,2,2,2,1,1,3,1,3,3,2,3,2,1,2,2,2,2,2,2
ag878,25,23.5,21,24,93.5,24,23,25,23,95,treat3,#N/A,1,#N/A,#N/A,#N/A,#N/A,#N/A,#N/A,#N/A,#N/A,#N/A,#N/A,#N/A,#N/A,#N/A,#N/A,#N/A,#N/A,#N/A,#N/A,#N/A,#N/A,#N/A,#N/A,#N/A,1,1,2,2,4,2,2,2,3,3,1,2,1,1,2,2,2,2,2,2,1
ekg42,25,24,18,23,90,24,24,25,25,98,treat3,1,#N/A,0,13,2,2,2,3,1,2,1,2,1,2,2,3,2,1,2,1,2,1,2,4,2,2,1,1,4,2,2,2,3,1,2,3,2,1,1,1,1,1,2,3,3,2
cag282,25,22.5,18,24,89.5,23,23,22,19,87,treat1,1,1,2,13,1,3,2,2,1,2,1,2,1,1,1,1,1,1,1,1,2,1,1,1,1,1,1,3,1,1,1,1,1,1,1,1,1,1,1,1,1,1,1,1,1,1
ddg35,24,24,21,24,93,24,23,20,25,92,#N/A,#N/A,#N/A,#N/A,#N/A,#N/A,#N/A,#N/A,#N/A,#N/A,#N/A,#N/A,#N/A,#N/A,#N/A,#N/A,#N/A,#N/A,#N/A,#N/A,#N/A,#N/A,#N/A,#N/A,#N/A,#N/A,#N/A,#N/A,#N/A,#N/A,#N/A,#N/A,#N/A,#N/A,#N/A,#N/A,#N/A,#N/A,#N/A,#N/A,#N/A,#N/A,#N/A,#N/A,#N/A,#N/A,#N/A
jtg242,22,18.5,25,19,84.5,24,19,22,14,79,#N/A,#N/A,#N/A,#N/A,#N/A,#N/A,#N/A,#N/A,#N/A,#N/A,#N/A,#N/A,#N/A,#N/A,#N/A,#N/A,#N/A,#N/A,#N/A,#N/A,#N/A,#N/A,#N/A,#N/A,#N/A,#N/A,#N/A,#N/A,#N/A,#N/A,#N/A,#N/A,#N/A,#N/A,#N/A,#N/A,#N/A,#N/A,#N/A,#N/A,#N/A,#N/A,#N/A,#N/A,#N/A,#N/A,#N/A
jeg334,25,23.5,18,24.5,91,24,24.5,25,23,96.5,treat1,#N/A,1,#N/A,#N/A,#N/A,#N/A,#N/A,#N/A,#N/A,#N/A,#N/A,#N/A,#N/A,#N/A,#N/A,#N/A,#N/A,#N/A,#N/A,#N/A,#N/A,#N/A,#N/A,#N/A,#N/A,2,2,1,3,1,2,2,3,1,2,2,1,1,1,1,2,2,1,3,3,1
asg235,25,23.5,21,25,94.5,24,25,25,25,99,treat2,1,1,3,13,3,3,3,2,2,1,2,3,3,1,2,1,1,2,2,2,1,2,1,1,1,3,3,2,2,4,2,2,3,2,2,2,2,1,3,2,1,2,2,1,1,1
clg235,25,23.5,25,25,98.5,24,25,25,25,99,#N/A,#N/A,#N/A,#N/A,#N/A,#N/A,#N/A,#N/A,#N/A,#N/A,#N/A,#N/A,#N/A,#N/A,#N/A,#N/A,#N/A,#N/A,#N/A,#N/A,#N/A,#N/A,#N/A,#N/A,#N/A,#N/A,#N/A,#N/A,#N/A,#N/A,#N/A,#N/A,#N/A,#N/A,#N/A,#N/A,#N/A,#N/A,#N/A,#N/A,#N/A,#N/A,#N/A,#N/A,#N/A,#N/A,#N/A
klg98,22,19,6,5,52,14,20,20,14,68,#N/A,#N/A,#N/A,#N/A,#N/A,#N/A,#N/A,#N/A,#N/A,#N/A,#N/A,#N/A,#N/A,#N/A,#N/A,#N/A,#N/A,#N/A,#N/A,#N/A,#N/A,#N/A,#N/A,#N/A,#N/A,#N/A,#N/A,#N/A,#N/A,#N/A,#N/A,#N/A,#N/A,#N/A,#N/A,#N/A,#N/A,#N/A,#N/A,#N/A,#N/A,#N/A,#N/A,#N/A,#N/A,#N/A,#N/A
igg8,24,24,24,25,97,23,21,20,21,85,treat3,#N/A,1,#N/A,#N/A,#N/A,#N/A,#N/A,#N/A,#N/A,#N/A,#N/A,#N/A,#N/A,#N/A,#N/A,#N/A,#N/A,#N/A,#N/A,#N/A,#N/A,#N/A,#N/A,#N/A,#N/A,3,2,2,3,3,2,1,3,2,2,2,2,2,2,2,3,2,2,3,3,1
tmg73,25,25,18,22,90,25,25,21,23,94,treat1,#N/A,1,#N/A,#N/A,#N/A,#N/A,#N/A,#N/A,#N/A,#N/A,#N/A,#N/A,#N/A,#N/A,#N/A,#N/A,#N/A,#N/A,#N/A,#N/A,#N/A,#N/A,#N/A,#N/A,#N/A,3,4,2,3,1,1,1,1,1,3,3,2,2,1,2,2,1,2,1,1,1
tdg47,25,23,18,24.5,90.5,24,24,23,25,96,treat2,#N/A,#N/A,#N/A,#N/A,#N/A,#N/A,#N/A,#N/A,#N/A,#N/A,#N/A,#N/A,#N/A,#N/A,#N/A,#N/A,#N/A,#N/A,#N/A,#N/A,#N/A,#N/A,#N/A,#N/A,#N/A,2,2,2,3,1,1,1,1,1,3,2,1,3,2,2,2,4,2,2,4,4
ag2429,6,13.5,21,23,63.5,21,22.5,19,14,76.5,#N/A,#N/A,1,#N/A,#N/A,#N/A,#N/A,#N/A,#N/A,#N/A,#N/A,#N/A,#N/A,#N/A,#N/A,#N/A,#N/A,#N/A,#N/A,#N/A,#N/A,#N/A,#N/A,#N/A,#N/A,#N/A,#N/A,#N/A,#N/A,#N/A,#N/A,#N/A,#N/A,#N/A,#N/A,#N/A,#N/A,#N/A,#N/A,#N/A,#N/A,#N/A,#N/A,#N/A,#N/A,#N/A,#N/A
mrh262,23,20.5,22,24,89.5,25,24.5,18,21,88.5,treat3,#N/A,#N/A,#N/A,#N/A,#N/A,#N/A,#N/A,#N/A,#N/A,#N/A,#N/A,#N/A,#N/A,#N/A,#N/A,#N/A,#N/A,#N/A,#N/A,#N/A,#N/A,#N/A,#N/A,#N/A,#N/A,4,4,4,5,1,2,2,2,1,4,2,4,2,2,2,1,5,5,2,1,1
jeh396,22,22,22,21,87,23,20.5,18,16,77.5,#N/A,#N/A,#N/A,#N/A,#N/A,#N/A,#N/A,#N/A,#N/A,#N/A,#N/A,#N/A,#N/A,#N/A,#N/A,#N/A,#N/A,#N/A,#N/A,#N/A,#N/A,#N/A,#N/A,#N/A,#N/A,#N/A,#N/A,#N/A,#N/A,#N/A,#N/A,#N/A,#N/A,#N/A,#N/A,#N/A,#N/A,#N/A,#N/A,#N/A,#N/A,#N/A,#N/A,#N/A,#N/A,#N/A,#N/A
mh983,25,22,21,24,92,23,19,25,21,88,treat3,1,#N/A,0,15,2,2,3,4,4,4,3,2,2,3,2,2,2,1,1,1,2,2,4,3,4,2,2,1,3,2,2,1,3,2,3,2,1,2,2,1,2,2,1,2,2,2
srh233,25,22.5,20,25,92.5,25,25,24.5,23,97.5,treat2,1,#N/A,3,13,1,1,2,1,1,1,2,2,1,1,1,1,1,1,2,2,2,2,1,1,1,1,1,2,2,1,1,2,2,1,2,1,1,1,1,1,2,1,1,2,2,1
mrh276,22,22.5,25,24.5,94,23,21,23,25,92,#N/A,#N/A,#N/A,#N/A,#N/A,#N/A,#N/A,#N/A,#N/A,#N/A,#N/A,#N/A,#N/A,#N/A,#N/A,#N/A,#N/A,#N/A,#N/A,#N/A,#N/A,#N/A,#N/A,#N/A,#N/A,#N/A,#N/A,#N/A,#N/A,#N/A,#N/A,#N/A,#N/A,#N/A,#N/A,#N/A,#N/A,#N/A,#N/A,#N/A,#N/A,#N/A,#N/A,#N/A,#N/A,#N/A,#N/A
rh463,24,23.5,18,25,90.5,24,22,23.5,23,92.5,#N/A,#N/A,#N/A,#N/A,#N/A,#N/A,#N/A,#N/A,#N/A,#N/A,#N/A,#N/A,#N/A,#N/A,#N/A,#N/A,#N/A,#N/A,#N/A,#N/A,#N/A,#N/A,#N/A,#N/A,#N/A,#N/A,#N/A,#N/A,#N/A,#N/A,#N/A,#N/A,#N/A,#N/A,#N/A,#N/A,#N/A,#N/A,#N/A,#N/A,#N/A,#N/A,#N/A,#N/A,#N/A,#N/A,#N/A
adh238,24,24,25,24,97,23,24,23.5,23,93.5,treat1,1,#N/A,1,13,3,3,5,1,2,2,2,3,3,4,2,4,3,2,2,1,4,4,2,2,1,1,3,4,1,1,2,2,2,2,3,2,2,1,2,2,2,2,2,2,2,1
nmh67,25,23,25,21,94,24,24.5,25,25,98.5,#N/A,#N/A,#N/A,#N/A,#N/A,#N/A,#N/A,#N/A,#N/A,#N/A,#N/A,#N/A,#N/A,#N/A,#N/A,#N/A,#N/A,#N/A,#N/A,#N/A,#N/A,#N/A,#N/A,#N/A,#N/A,#N/A,#N/A,#N/A,#N/A,#N/A,#N/A,#N/A,#N/A,#N/A,#N/A,#N/A,#N/A,#N/A,#N/A,#N/A,#N/A,#N/A,#N/A,#N/A,#N/A,#N/A,#N/A
mch259,22,22.5,21,22,87.5,22,24,20,16,82,#N/A,#N/A,#N/A,#N/A,#N/A,#N/A,#N/A,#N/A,#N/A,#N/A,#N/A,#N/A,#N/A,#N/A,#N/A,#N/A,#N/A,#N/A,#N/A,#N/A,#N/A,#N/A,#N/A,#N/A,#N/A,#N/A,#N/A,#N/A,#N/A,#N/A,#N/A,#N/A,#N/A,#N/A,#N/A,#N/A,#N/A,#N/A,#N/A,#N/A,#N/A,#N/A,#N/A,#N/A,#N/A,#N/A,#N/A
alh297,22,23.5,21,24.5,91,24,21,25,17,87,treat3,1,1,0,14,2,1,1,2,1,2,3,3,2,2,3,2,2,1,2,1,2,2,2,2,1,2,2,1,1,2,1,2,3,1,3,3,1,2,1,1,2,2,3,2,2,1
crh227,25,25,22,25,97,24,25,25,25,99,treat3,#N/A,1,#N/A,#N/A,#N/A,#N/A,#N/A,#N/A,#N/A,#N/A,#N/A,#N/A,#N/A,#N/A,#N/A,#N/A,#N/A,#N/A,#N/A,#N/A,#N/A,#N/A,#N/A,#N/A,#N/A,2,2,2,3,4,2,2,4,3,3,3,3,3,2,2,2,3,3,3,3,2
jch362,25,23,25,24,97,24,23,25,25,97,treat1,1,#N/A,2,14,3,2,4,1,2,4,3,3,2,2,2,2,2,2,2,2,2,1,2,2,1,2,3,2,2,3,3,2,3,2,2,2,2,2,1,1,2,1,2,3,2,1
yh744,25,23.5,17,14.5,80,24,24,23,23,94,treat1,1,#N/A,2,15,3,3,4,4,4,3,3,3,3,3,1,2,2,2,3,3,2,2,2,2,2,3,3,3,4,4,3,4,2,2,4,2,3,3,2,4,2,3,3,2,2,2
wrh66,25,21.5,15,21,82.5,24,25,23,22,94,#N/A,#N/A,#N/A,#N/A,#N/A,#N/A,#N/A,#N/A,#N/A,#N/A,#N/A,#N/A,#N/A,#N/A,#N/A,#N/A,#N/A,#N/A,#N/A,#N/A,#N/A,#N/A,#N/A,#N/A,#N/A,#N/A,#N/A,#N/A,#N/A,#N/A,#N/A,#N/A,#N/A,#N/A,#N/A,#N/A,#N/A,#N/A,#N/A,#N/A,#N/A,#N/A,#N/A,#N/A,#N/A,#N/A,#N/A
ath84,25,25,22,24.5,96.5,24,25,23.5,21,93.5,treat3,1,1,#N/A,#N/A,#N/A,#N/A,#N/A,#N/A,#N/A,#N/A,#N/A,#N/A,#N/A,#N/A,#N/A,#N/A,#N/A,#N/A,#N/A,#N/A,#N/A,#N/A,#N/A,#N/A,#N/A,3,2,2,4,3,3,2,4,2,3,3,3,4,3,2,3,3,3,3,2,2
lh488,25,23,20,25,93,24,25,24,22,95,treat2,1,#N/A,2,15,2,2,2,2,2,2,2,3,2,2,2,2,3,2,2,2,2,2,2,3,1,2,2,2,1,2,2,2,3,2,2,2,2,2,2,2,2,2,2,1,2,1
nh337,22,24.5,25,22.5,94,24,24,22,23,93,treat3,1,#N/A,5,15,4,3,2,4,2,2,2,2,2,1,2,3,4,2,2,3,3,3,2,2,2,4,3,4,3,2,2,1,2,2,3,2,4,2,3,3,2,4,2,2,2,1
krh57,25,24.5,24,14,87.5,24,22,22,23,91,#N/A,#N/A,#N/A,#N/A,#N/A,#N/A,#N/A,#N/A,#N/A,#N/A,#N/A,#N/A,#N/A,#N/A,#N/A,#N/A,#N/A,#N/A,#N/A,#N/A,#N/A,#N/A,#N/A,#N/A,#N/A,#N/A,#N/A,#N/A,#N/A,#N/A,#N/A,#N/A,#N/A,#N/A,#N/A,#N/A,#N/A,#N/A,#N/A,#N/A,#N/A,#N/A,#N/A,#N/A,#N/A,#N/A,#N/A
tjh237,24,20,19,22,85,23,17,23,14,77,#N/A,#N/A,#N/A,#N/A,#N/A,#N/A,#N/A,#N/A,#N/A,#N/A,#N/A,#N/A,#N/A,#N/A,#N/A,#N/A,#N/A,#N/A,#N/A,#N/A,#N/A,#N/A,#N/A,#N/A,#N/A,#N/A,#N/A,#N/A,#N/A,#N/A,#N/A,#N/A,#N/A,#N/A,#N/A,#N/A,#N/A,#N/A,#N/A,#N/A,#N/A,#N/A,#N/A,#N/A,#N/A,#N/A,#N/A
zi25,25,25,22,25,97,25,24.5,25,25,99.5,treat3,#N/A,#N/A,#N/A,#N/A,#N/A,#N/A,#N/A,#N/A,#N/A,#N/A,#N/A,#N/A,#N/A,#N/A,#N/A,#N/A,#N/A,#N/A,#N/A,#N/A,#N/A,#N/A,#N/A,#N/A,#N/A,1,1,1,1,2,2,2,3,2,2,2,2,1,1,1,1,2,2,2,2,2
oci3,25,22,25,23,95,24,24.5,22,17,87.5,#N/A,#N/A,1,#N/A,#N/A,#N/A,#N/A,#N/A,#N/A,#N/A,#N/A,#N/A,#N/A,#N/A,#N/A,#N/A,#N/A,#N/A,#N/A,#N/A,#N/A,#N/A,#N/A,#N/A,#N/A,#N/A,#N/A,#N/A,#N/A,#N/A,#N/A,#N/A,#N/A,#N/A,#N/A,#N/A,#N/A,#N/A,#N/A,#N/A,#N/A,#N/A,#N/A,#N/A,#N/A,#N/A,#N/A
mj398,25,25,18,23,91,24,24,25,23,96,treat3,1,#N/A,3,13,1,2,2,2,2,1,1,3,2,2,3,2,2,1,2,2,3,2,2,2,2,1,2,2,3,2,1,3,3,2,2,3,2,3,3,2,2,2,2,2,2,1
dj295,24,24,22,19,89,18,22,21,23,84,treat3,1,#N/A,0,15,3,2,2,4,3,2,3,4,2,4,3,4,4,4,4,4,3,3,4,4,2,3,2,2,3,3,0,3,3,3,3,3,3,3,3,3,3,3,3,3,3,3
jj732,22,16,8,10,56,22,22,18,16,78,#N/A,#N/A,#N/A,#N/A,#N/A,#N/A,#N/A,#N/A,#N/A,#N/A,#N/A,#N/A,#N/A,#N/A,#N/A,#N/A,#N/A,#N/A,#N/A,#N/A,#N/A,#N/A,#N/A,#N/A,#N/A,#N/A,#N/A,#N/A,#N/A,#N/A,#N/A,#N/A,#N/A,#N/A,#N/A,#N/A,#N/A,#N/A,#N/A,#N/A,#N/A,#N/A,#N/A,#N/A,#N/A,#N/A,#N/A
hj253,24,22,21,24,91,24,22,20,22,88,treat1,#N/A,#N/A,#N/A,#N/A,#N/A,#N/A,#N/A,#N/A,#N/A,#N/A,#N/A,#N/A,#N/A,#N/A,#N/A,#N/A,#N/A,#N/A,#N/A,#N/A,#N/A,#N/A,#N/A,#N/A,#N/A,2,1,1,1,1,1,1,1,1,1,2,1,2,1,1,1,1,1,2,2,2
jaj248,22,22,20,24,88,24,23,25,19,91,treat1,#N/A,#N/A,#N/A,#N/A,#N/A,#N/A,#N/A,#N/A,#N/A,#N/A,#N/A,#N/A,#N/A,#N/A,#N/A,#N/A,#N/A,#N/A,#N/A,#N/A,#N/A,#N/A,#N/A,#N/A,#N/A,1,2,3,2,2,1,1,3,2,2,2,1,3,2,1,1,1,1,3,2,2
hdj24,22,24,22,23,91,24,25,25,25,99,treat3,1,#N/A,0,,1,2,2,2,1,1,1,1,1,2,2,2,2,1,1,1,1,1,1,2,1,2,2,2,2,1,1,1,3,1,3,2,2,1,1,1,1,1,1,1,1,1
sak357,12,22,20,22,76,22,21.5,22,19,84.5,treat2,1,#N/A,2,14,2,2,4,3,4,2,3,3,3,3,4,2,3,2,2,3,3,2,1,1,1,1,1,2,2,2,2,2,2,2,2,3,3,4,2,2,3,2,2,2,2,1
sak299,25,25,21,25,96,24,23,22,25,94,treat2,1,#N/A,2,14,3,2,2,5,2,4,2,1,2,5,2,1,2,2,2,2,2,1,2,2,2,3,2,1,4,2,3,2,2,2,5,2,3,4,2,2,2,2,2,2,2,1
pjk247,23,23,21,22,89,24,16,21,12,73,treat2,#N/A,#N/A,#N/A,#N/A,#N/A,#N/A,#N/A,#N/A,#N/A,#N/A,#N/A,#N/A,#N/A,#N/A,#N/A,#N/A,#N/A,#N/A,#N/A,#N/A,#N/A,#N/A,#N/A,#N/A,#N/A,1,5,5,4,3,4,1,1,1,3,3,2,3,2,2,2,2,2,2,2,2
ack253,25,22,21,25,93,22,24,25,17,88,#N/A,#N/A,#N/A,#N/A,#N/A,#N/A,#N/A,#N/A,#N/A,#N/A,#N/A,#N/A,#N/A,#N/A,#N/A,#N/A,#N/A,#N/A,#N/A,#N/A,#N/A,#N/A,#N/A,#N/A,#N/A,#N/A,#N/A,#N/A,#N/A,#N/A,#N/A,#N/A,#N/A,#N/A,#N/A,#N/A,#N/A,#N/A,#N/A,#N/A,#N/A,#N/A,#N/A,#N/A,#N/A,#N/A,#N/A
mpk83,25,25,22,25,97,23,23,21.5,21,88.5,treat2,1,1,3,14,3,2,2,3,2,1,1,5,2,3,2,2,3,1,2,2,3,1,2,1,1,3,2,3,3,2,1,1,1,1,1,2,2,3,1,2,2,2,2,1,1,1
rtk53,25,24.5,18,25,92.5,24,25,23,23,95,treat2,#N/A,#N/A,#N/A,#N/A,#N/A,#N/A,#N/A,#N/A,#N/A,#N/A,#N/A,#N/A,#N/A,#N/A,#N/A,#N/A,#N/A,#N/A,#N/A,#N/A,#N/A,#N/A,#N/A,#N/A,#N/A,2,2,3,3,2,3,2,2,3,3,2,2,2,1,2,2,2,2,3,2,1
dsk253,25,22,22,25,94,24,25,25,19,93,treat3,#N/A,1,#N/A,#N/A,#N/A,#N/A,#N/A,#N/A,#N/A,#N/A,#N/A,#N/A,#N/A,#N/A,#N/A,#N/A,#N/A,#N/A,#N/A,#N/A,#N/A,#N/A,#N/A,#N/A,#N/A,2,2,3,4,2,2,2,2,2,2,1,3,1,1,1,2,2,1,2,2,1
nvk6,25,23,22,23,93,24,24,25,23,96,#N/A,#N/A,#N/A,#N/A,#N/A,#N/A,#N/A,#N/A,#N/A,#N/A,#N/A,#N/A,#N/A,#N/A,#N/A,#N/A,#N/A,#N/A,#N/A,#N/A,#N/A,#N/A,#N/A,#N/A,#N/A,#N/A,#N/A,#N/A,#N/A,#N/A,#N/A,#N/A,#N/A,#N/A,#N/A,#N/A,#N/A,#N/A,#N/A,#N/A,#N/A,#N/A,#N/A,#N/A,#N/A,#N/A,#N/A
ryk6,25,23,25,23,96,23,24.5,25,23,95.5,treat1,1,#N/A,2,15,3,2,2,4,4,2,2,2,2,4,5,5,5,2,2,2,3,3,2,2,2,4,2,2,3,2,2,2,2,2,2,2,2,2,2,4,2,3,2,3,4,2
edk58,22,24,21,24,91,24,24,25,25,98,#N/A,#N/A,#N/A,#N/A,#N/A,#N/A,#N/A,#N/A,#N/A,#N/A,#N/A,#N/A,#N/A,#N/A,#N/A,#N/A,#N/A,#N/A,#N/A,#N/A,#N/A,#N/A,#N/A,#N/A,#N/A,#N/A,#N/A,#N/A,#N/A,#N/A,#N/A,#N/A,#N/A,#N/A,#N/A,#N/A,#N/A,#N/A,#N/A,#N/A,#N/A,#N/A,#N/A,#N/A,#N/A,#N/A,#N/A
ck598,25,25,21,25,96,21,23.5,23,23,90.5,treat3,1,#N/A,#N/A,#N/A,#N/A,#N/A,#N/A,#N/A,#N/A,#N/A,#N/A,#N/A,#N/A,#N/A,#N/A,#N/A,#N/A,#N/A,#N/A,#N/A,#N/A,#N/A,#N/A,#N/A,#N/A,2,1,2,2,4,2,2,3,3,2,2,2,2,2,2,2,2,2,2,2,2
bak93,24,22,21,24,91,24,24,25,23,96,treat3,#N/A,#N/A,#N/A,#N/A,#N/A,#N/A,#N/A,#N/A,#N/A,#N/A,#N/A,#N/A,#N/A,#N/A,#N/A,#N/A,#N/A,#N/A,#N/A,#N/A,#N/A,#N/A,#N/A,#N/A,#N/A,2,3,2,2,1,1,1,2,1,4,2,4,2,1,2,1,2,2,2,2,1
hnk6,25,18,18,18,79,23,25,25,17,90,#N/A,#N/A,#N/A,#N/A,#N/A,#N/A,#N/A,#N/A,#N/A,#N/A,#N/A,#N/A,#N/A,#N/A,#N/A,#N/A,#N/A,#N/A,#N/A,#N/A,#N/A,#N/A,#N/A,#N/A,#N/A,#N/A,#N/A,#N/A,#N/A,#N/A,#N/A,#N/A,#N/A,#N/A,#N/A,#N/A,#N/A,#N/A,#N/A,#N/A,#N/A,#N/A,#N/A,#N/A,#N/A,#N/A,#N/A
enk29,24,22.5,21,22,89.5,23,23,22,23,91,treat1,1,#N/A,3,14,3,4,4,2,2,2,2,4,1,2,4,2,4,3,1,3,1,2,2,1,2,3,4,2,2,4,2,2,5,2,4,4,2,4,2,2,3,1,2,4,4,2
apk75,25,19,19,22.5,85.5,25,23,22.5,23,93.5,#N/A,#N/A,1,#N/A,#N/A,#N/A,#N/A,#N/A,#N/A,#N/A,#N/A,#N/A,#N/A,#N/A,#N/A,#N/A,#N/A,#N/A,#N/A,#N/A,#N/A,#N/A,#N/A,#N/A,#N/A,#N/A,#N/A,#N/A,#N/A,#N/A,#N/A,#N/A,#N/A,#N/A,#N/A,#N/A,#N/A,#N/A,#N/A,#N/A,#N/A,#N/A,#N/A,#N/A,#N/A,#N/A,#N/A
edk55,25,23,21,22.5,91.5,24,23.5,23,23,93.5,treat3,1,#N/A,0,15,2,2,3,2,2,2,2,2,2,2,3,2,3,1,2,1,2,2,2,2,2,2,3,3,3,1,2,1,1,1,2,2,2,2,1,2,2,1,2,2,1,1
ark285,25,23,22,20,90,24,24,24,23,95,treat2,#N/A,#N/A,#N/A,#N/A,#N/A,#N/A,#N/A,#N/A,#N/A,#N/A,#N/A,#N/A,#N/A,#N/A,#N/A,#N/A,#N/A,#N/A,#N/A,#N/A,#N/A,#N/A,#N/A,#N/A,#N/A,2,1,1,1,1,1,1,1,1,1,1,2,1,1,1,1,2,1,1,1,1
clk226,25,24,18,22,89,24,25,25,21,95,treat2,#N/A,1,#N/A,#N/A,#N/A,#N/A,#N/A,#N/A,#N/A,#N/A,#N/A,#N/A,#N/A,#N/A,#N/A,#N/A,#N/A,#N/A,#N/A,#N/A,#N/A,#N/A,#N/A,#N/A,#N/A,2,1,2,3,2,1,2,4,1,3,1,1,1,1,1,1,1,1,1,1,1
vk262,21,24,14,24,83,23,24,22,25,94,#N/A,#N/A,#N/A,#N/A,#N/A,#N/A,#N/A,#N/A,#N/A,#N/A,#N/A,#N/A,#N/A,#N/A,#N/A,#N/A,#N/A,#N/A,#N/A,#N/A,#N/A,#N/A,#N/A,#N/A,#N/A,#N/A,#N/A,#N/A,#N/A,#N/A,#N/A,#N/A,#N/A,#N/A,#N/A,#N/A,#N/A,#N/A,#N/A,#N/A,#N/A,#N/A,#N/A,#N/A,#N/A,#N/A,#N/A
vk336,24,22,18,23.5,87.5,23,23,25,23,94,#N/A,#N/A,#N/A,#N/A,#N/A,#N/A,#N/A,#N/A,#N/A,#N/A,#N/A,#N/A,#N/A,#N/A,#N/A,#N/A,#N/A,#N/A,#N/A,#N/A,#N/A,#N/A,#N/A,#N/A,#N/A,#N/A,#N/A,#N/A,#N/A,#N/A,#N/A,#N/A,#N/A,#N/A,#N/A,#N/A,#N/A,#N/A,#N/A,#N/A,#N/A,#N/A,#N/A,#N/A,#N/A,#N/A,#N/A
nal79,21,17,25,0,63,23,25,21.5,21,90.5,#N/A,#N/A,#N/A,#N/A,#N/A,#N/A,#N/A,#N/A,#N/A,#N/A,#N/A,#N/A,#N/A,#N/A,#N/A,#N/A,#N/A,#N/A,#N/A,#N/A,#N/A,#N/A,#N/A,#N/A,#N/A,#N/A,#N/A,#N/A,#N/A,#N/A,#N/A,#N/A,#N/A,#N/A,#N/A,#N/A,#N/A,#N/A,#N/A,#N/A,#N/A,#N/A,#N/A,#N/A,#N/A,#N/A,#N/A
sml348,25,23,18,25,91,25,23,25,25,98,treat2,#N/A,#N/A,#N/A,#N/A,#N/A,#N/A,#N/A,#N/A,#N/A,#N/A,#N/A,#N/A,#N/A,#N/A,#N/A,#N/A,#N/A,#N/A,#N/A,#N/A,#N/A,#N/A,#N/A,#N/A,#N/A,2,2,2,1,1,1,1,3,1,2,2,1,2,1,1,1,1,1,1,2,1
dl599,25,25,21,24.5,95.5,23,22,25,19,89,treat2,1,#N/A,1,14,3,3,2,2,1,3,2,1,1,3,2,2,2,1,3,2,2,1,1,1,1,3,3,3,2,2,1,2,2,2,2,2,4,1,2,2,3,4,3,1,1,1
vml44,23,22,18,21.5,84.5,25,22.5,25,25,97.5,treat2,#N/A,1,#N/A,#N/A,#N/A,#N/A,#N/A,#N/A,#N/A,#N/A,#N/A,#N/A,#N/A,#N/A,#N/A,#N/A,#N/A,#N/A,#N/A,#N/A,#N/A,#N/A,#N/A,#N/A,#N/A,2,1,2,3,3,2,1,1,1,1,2,1,3,1,1,1,1,1,2,2,1
jhl265,25,22,21,25,93,23,23,25,23,94,treat1,1,#N/A,3,14,1,3,3,2,1,1,2,2,1,2,2,2,2,1,1,2,2,1,1,2,1,1,1,2,2,1,1,1,1,1,1,2,2,2,2,2,2,2,2,3,2,2
jvl28,25,24.5,22,21,92.5,23,23,19,25,90,treat2,1,#N/A,2,15,3,4,2,5,3,2,2,2,3,5,2,2,1,1,1,1,3,1,1,1,2,2,3,4,5,2,2,2,3,2,4,2,2,1,2,3,3,2,1,1,2,2
ncl42,25,20.5,19,21,85.5,17,19.5,20,18,74.5,treat2,#N/A,#N/A,#N/A,#N/A,#N/A,#N/A,#N/A,#N/A,#N/A,#N/A,#N/A,#N/A,#N/A,#N/A,#N/A,#N/A,#N/A,#N/A,#N/A,#N/A,#N/A,#N/A,#N/A,#N/A,#N/A,3,3,3,3,2,2,2,3,1,2,3,2,3,3,2,3,3,3,2,3,2
tl688,18,21.5,19,23,81.5,24,25,25,22,96,#N/A,#N/A,#N/A,#N/A,#N/A,#N/A,#N/A,#N/A,#N/A,#N/A,#N/A,#N/A,#N/A,#N/A,#N/A,#N/A,#N/A,#N/A,#N/A,#N/A,#N/A,#N/A,#N/A,#N/A,#N/A,#N/A,#N/A,#N/A,#N/A,#N/A,#N/A,#N/A,#N/A,#N/A,#N/A,#N/A,#N/A,#N/A,#N/A,#N/A,#N/A,#N/A,#N/A,#N/A,#N/A,#N/A,#N/A
jll334,22,23.5,22,24,91.5,24,25,24,21,94,treat2,#N/A,#N/A,#N/A,#N/A,#N/A,#N/A,#N/A,#N/A,#N/A,#N/A,#N/A,#N/A,#N/A,#N/A,#N/A,#N/A,#N/A,#N/A,#N/A,#N/A,#N/A,#N/A,#N/A,#N/A,#N/A,2,1,3,4,2,2,2,2,2,2,5,2,5,3,2,3,2,2,2,2,1
ayl36,24,23,21,23,91,24,24,25,25,98,treat2,1,#N/A,4,13,3,1,2,3,2,1,1,2,1,1,1,1,1,1,1,1,1,1,1,1,1,3,2,2,2,2,1,2,2,1,2,2,1,2,1,1,1,1,1,1,2,1
cjl334,24,23,22,16.5,85.5,24,24,20,21,89,treat1,#N/A,#N/A,#N/A,#N/A,#N/A,#N/A,#N/A,#N/A,#N/A,#N/A,#N/A,#N/A,#N/A,#N/A,#N/A,#N/A,#N/A,#N/A,#N/A,#N/A,#N/A,#N/A,#N/A,#N/A,#N/A,2,2,2,3,2,2,3,2,1,2,2,2,2,2,2,2,2,2,2,3,2
kl527,25,20.5,22,22,89.5,24,25,22.5,25,96.5,treat1,#N/A,#N/A,#N/A,#N/A,#N/A,#N/A,#N/A,#N/A,#N/A,#N/A,#N/A,#N/A,#N/A,#N/A,#N/A,#N/A,#N/A,#N/A,#N/A,#N/A,#N/A,#N/A,#N/A,#N/A,#N/A,2,2,5,3,2,4,2,2,2,2,3,2,3,2,2,2,2,2,2,2,2
ejl222,24,24,20,24,92,25,23.5,23,23,94.5,treat1,1,1,2,13,2,3,2,3,3,2,2,4,2,2,2,2,2,2,2,2,2,2,1,1,1,2,2,3,2,3,2,2,3,2,2,2,2,2,2,2,2,2,2,2,3,2
el733,18,21.5,22,25,86.5,18,23.5,21,19,81.5,#N/A,#N/A,#N/A,#N/A,#N/A,#N/A,#N/A,#N/A,#N/A,#N/A,#N/A,#N/A,#N/A,#N/A,#N/A,#N/A,#N/A,#N/A,#N/A,#N/A,#N/A,#N/A,#N/A,#N/A,#N/A,#N/A,#N/A,#N/A,#N/A,#N/A,#N/A,#N/A,#N/A,#N/A,#N/A,#N/A,#N/A,#N/A,#N/A,#N/A,#N/A,#N/A,#N/A,#N/A,#N/A,#N/A,#N/A
jcl353,25,23.5,22,23,93.5,19,19,21,22,81,treat2,1,#N/A,2,13,2,2,2,3,2,2,2,2,2,3,3,3,2,1,2,2,2,2,2,2,2,2,2,2,2,2,2,1,2,2,2,2,2,2,2,2,2,2,1,1,1,2
sjl365,22,25,25,25,97,23,21.5,23,23,90.5,treat2,#N/A,1,#N/A,#N/A,#N/A,#N/A,#N/A,#N/A,#N/A,#N/A,#N/A,#N/A,#N/A,#N/A,#N/A,#N/A,#N/A,#N/A,#N/A,#N/A,#N/A,#N/A,#N/A,#N/A,#N/A,2,1,1,4,2,3,2,2,2,1,2,2,1,2,3,2,1,0,2,3,2
ndl34,25,23.5,24,25,97.5,22,24.5,25,23,94.5,#N/A,#N/A,#N/A,#N/A,#N/A,#N/A,#N/A,#N/A,#N/A,#N/A,#N/A,#N/A,#N/A,#N/A,#N/A,#N/A,#N/A,#N/A,#N/A,#N/A,#N/A,#N/A,#N/A,#N/A,#N/A,#N/A,#N/A,#N/A,#N/A,#N/A,#N/A,#N/A,#N/A,#N/A,#N/A,#N/A,#N/A,#N/A,#N/A,#N/A,#N/A,#N/A,#N/A,#N/A,#N/A,#N/A,#N/A
sl2878,25,24.5,18,25,92.5,21.5,25,23,25,94.5,treat1,1,#N/A,2,13,2,3,4,3,1,1,1,2,1,3,2,2,4,2,1,3,2,2,2,2,2,2,1,2,4,2,2,2,3,1,3,3,3,4,3,1,3,2,3,2,2,1
tal83,20,22.5,19,20,81.5,23,24,25,21,93,#N/A,#N/A,#N/A,#N/A,#N/A,#N/A,#N/A,#N/A,#N/A,#N/A,#N/A,#N/A,#N/A,#N/A,#N/A,#N/A,#N/A,#N/A,#N/A,#N/A,#N/A,#N/A,#N/A,#N/A,#N/A,#N/A,#N/A,#N/A,#N/A,#N/A,#N/A,#N/A,#N/A,#N/A,#N/A,#N/A,#N/A,#N/A,#N/A,#N/A,#N/A,#N/A,#N/A,#N/A,#N/A,#N/A,#N/A
zrl9,25,22.5,24,21,92.5,24,23,25,19,91,treat2,1,#N/A,4,14,1,2,2,2,2,2,2,3,2,2,2,1,2,2,2,2,2,1,2,2,1,2,2,2,3,2,2,2,3,2,2,2,2,2,2,2,2,2,2,2,2,1
al2476,25,24,20,25,94,24,25,25,25,99,treat2,1,#N/A,3,14,3,2,4,2,1,1,2,3,1,3,4,2,3,2,2,2,2,2,2,2,2,1,1,2,4,2,2,1,1,1,3,1,2,1,1,1,1,1,1,1,1,1
jl3544,25,22,18,24,89,16.5,23,21,14,74.5,#N/A,#N/A,#N/A,#N/A,#N/A,#N/A,#N/A,#N/A,#N/A,#N/A,#N/A,#N/A,#N/A,#N/A,#N/A,#N/A,#N/A,#N/A,#N/A,#N/A,#N/A,#N/A,#N/A,#N/A,#N/A,#N/A,#N/A,#N/A,#N/A,#N/A,#N/A,#N/A,#N/A,#N/A,#N/A,#N/A,#N/A,#N/A,#N/A,#N/A,#N/A,#N/A,#N/A,#N/A,#N/A,#N/A,#N/A
kl736,25,25,25,23,98,22.5,22,25,20,89.5,treat2,1,#N/A,2,13,3,2,3,3,2,3,3,3,3,2,1,2,2,2,2,1,3,1,2,2,1,2,2,4,2,2,2,3,3,3,4,2,2,2,1,3,1,2,1,4,3,2
hl2238,25,25,25,25,100,25,21.5,24,25,95.5,#N/A,#N/A,#N/A,#N/A,#N/A,#N/A,#N/A,#N/A,#N/A,#N/A,#N/A,#N/A,#N/A,#N/A,#N/A,#N/A,#N/A,#N/A,#N/A,#N/A,#N/A,#N/A,#N/A,#N/A,#N/A,#N/A,#N/A,#N/A,#N/A,#N/A,#N/A,#N/A,#N/A,#N/A,#N/A,#N/A,#N/A,#N/A,#N/A,#N/A,#N/A,#N/A,#N/A,#N/A,#N/A,#N/A,#N/A
rl542,22,16.5,15,19,72.5,18,14,11,20,63,treat3,1,#N/A,2,14,3,2,3,2,2,2,2,3,2,2,2,2,2,2,3,2,3,2,2,2,1,2,1,3,2,2,2,2,2,2,2,2,2,2,2,2,1,3,2,2,2,1
yl756,19.5,19.5,13,18,70,17,13.5,17,12,59.5,#N/A,#N/A,#N/A,#N/A,#N/A,#N/A,#N/A,#N/A,#N/A,#N/A,#N/A,#N/A,#N/A,#N/A,#N/A,#N/A,#N/A,#N/A,#N/A,#N/A,#N/A,#N/A,#N/A,#N/A,#N/A,#N/A,#N/A,#N/A,#N/A,#N/A,#N/A,#N/A,#N/A,#N/A,#N/A,#N/A,#N/A,#N/A,#N/A,#N/A,#N/A,#N/A,#N/A,#N/A,#N/A,#N/A,#N/A
kl532,22,25,25,25,97,22.5,24.5,23,24,94,treat2,1,#N/A,3,14,2,2,2,3,3,2,2,2,2,2,2,2,2,2,2,2,2,2,2,2,2,2,2,2,2,2,2,2,2,2,2,2,2,2,2,2,2,2,2,2,3,2
zl672,22,23.5,18,24,87.5,24,21,21,24,90,#N/A,#N/A,#N/A,#N/A,#N/A,#N/A,#N/A,#N/A,#N/A,#N/A,#N/A,#N/A,#N/A,#N/A,#N/A,#N/A,#N/A,#N/A,#N/A,#N/A,#N/A,#N/A,#N/A,#N/A,#N/A,#N/A,#N/A,#N/A,#N/A,#N/A,#N/A,#N/A,#N/A,#N/A,#N/A,#N/A,#N/A,#N/A,#N/A,#N/A,#N/A,#N/A,#N/A,#N/A,#N/A,#N/A,#N/A
ajl352,22,23,25,22,92,22,21,24,18,85,treat3,1,#N/A,#N/A,#N/A,#N/A,#N/A,#N/A,#N/A,#N/A,#N/A,#N/A,#N/A,#N/A,#N/A,#N/A,#N/A,#N/A,#N/A,#N/A,#N/A,#N/A,#N/A,#N/A,#N/A,#N/A,2,2,3,4,3,2,2,4,2,2,2,3,2,3,1,3,2,2,2,2,1
jl4234,25,21.5,25,25,96.5,23,23.5,24,21,91.5,treat3,#N/A,#N/A,#N/A,#N/A,#N/A,#N/A,#N/A,#N/A,#N/A,#N/A,#N/A,#N/A,#N/A,#N/A,#N/A,#N/A,#N/A,#N/A,#N/A,#N/A,#N/A,#N/A,#N/A,#N/A,#N/A,2,3,4,4,2,1,2,2,2,2,2,2,2,2,2,2,2,2,2,2,2
al2485,25,25,22,25,97,24,24,23,21,92,treat3,1,1,3,15,2,2,2,3,3,2,2,2,2,3,2,2,2,2,2,2,2,2,2,2,2,2,1,2,5,4,1,2,2,2,4,3,1,3,3,2,3,1,1,1,2,2
jel299,22,21.5,21,18,82.5,21,21.5,22,19,83.5,#N/A,#N/A,#N/A,#N/A,#N/A,#N/A,#N/A,#N/A,#N/A,#N/A,#N/A,#N/A,#N/A,#N/A,#N/A,#N/A,#N/A,#N/A,#N/A,#N/A,#N/A,#N/A,#N/A,#N/A,#N/A,#N/A,#N/A,#N/A,#N/A,#N/A,#N/A,#N/A,#N/A,#N/A,#N/A,#N/A,#N/A,#N/A,#N/A,#N/A,#N/A,#N/A,#N/A,#N/A,#N/A,#N/A,#N/A
lgl47,25,25,23,22,95,25,23,25,23,96,treat1,1,#N/A,1,14,3,3,4,4,2,1,1,1,1,3,4,2,3,3,2,2,3,3,2,2,2,4,3,2,3,2,2,2,2,2,3,3,2,2,3,2,2,2,2,3,3,2
wtm54,25,21.5,21,25,92.5,24,23,24,23,94,treat3,1,#N/A,2,14,2,3,4,2,2,3,2,4,2,2,4,2,4,2,1,1,2,2,1,2,1,2,2,2,2,3,4,2,4,1,3,3,3,3,2,1,1,1,1,1,2,2
hsm66,25,24.5,21,25,95.5,24,25,25,25,99,treat3,1,#N/A,0,13,1,2,2,3,2,3,2,2,2,2,2,2,2,2,2,2,2,1,1,3,2,3,1,2,2,1,1,1,3,2,2,2,1,2,1,1,1,1,1,1,2,1
asm292,19.5,23,13,23.5,79,22,17,22,22,83,#N/A,#N/A,#N/A,#N/A,#N/A,#N/A,#N/A,#N/A,#N/A,#N/A,#N/A,#N/A,#N/A,#N/A,#N/A,#N/A,#N/A,#N/A,#N/A,#N/A,#N/A,#N/A,#N/A,#N/A,#N/A,#N/A,#N/A,#N/A,#N/A,#N/A,#N/A,#N/A,#N/A,#N/A,#N/A,#N/A,#N/A,#N/A,#N/A,#N/A,#N/A,#N/A,#N/A,#N/A,#N/A,#N/A,#N/A
sm2259,21,18,21,24,84,23.5,22,22,23,90.5,treat1,1,1,4,14,3,2,4,3,3,4,2,3,2,3,2,3,2,2,3,2,3,3,2,2,2,3,2,3,3,3,4,3,3,3,3,3,3,3,3,3,3,3,3,3,3,3
km658,25,20,22,24.5,91.5,24,22.5,25,25,96.5,#N/A,#N/A,#N/A,#N/A,#N/A,#N/A,#N/A,#N/A,#N/A,#N/A,#N/A,#N/A,#N/A,#N/A,#N/A,#N/A,#N/A,#N/A,#N/A,#N/A,#N/A,#N/A,#N/A,#N/A,#N/A,#N/A,#N/A,#N/A,#N/A,#N/A,#N/A,#N/A,#N/A,#N/A,#N/A,#N/A,#N/A,#N/A,#N/A,#N/A,#N/A,#N/A,#N/A,#N/A,#N/A,#N/A,#N/A
kem277,25,24,18,25,92,23,23,25,21,92,#N/A,#N/A,#N/A,#N/A,#N/A,#N/A,#N/A,#N/A,#N/A,#N/A,#N/A,#N/A,#N/A,#N/A,#N/A,#N/A,#N/A,#N/A,#N/A,#N/A,#N/A,#N/A,#N/A,#N/A,#N/A,#N/A,#N/A,#N/A,#N/A,#N/A,#N/A,#N/A,#N/A,#N/A,#N/A,#N/A,#N/A,#N/A,#N/A,#N/A,#N/A,#N/A,#N/A,#N/A,#N/A,#N/A,#N/A
smm436,24.5,23.5,21,25,94,22,23.5,21,22,88.5,treat2,#N/A,1,#N/A,#N/A,#N/A,#N/A,#N/A,#N/A,#N/A,#N/A,#N/A,#N/A,#N/A,#N/A,#N/A,#N/A,#N/A,#N/A,#N/A,#N/A,#N/A,#N/A,#N/A,#N/A,#N/A,2,3,2,3,3,1,2,3,1,4,3,2,1,2,2,3,2,2,1,2,1
apm234,25,23,23,25,96,24,24.5,25,20,93.5,treat1,1,#N/A,3,14,1,1,1,1,1,1,2,1,2,1,1,1,1,1,1,1,1,1,1,1,1,3,3,3,3,2,2,3,3,3,3,2,2,2,2,2,2,2,2,3,3,3
lmm352,21,20,18,20,79,24,24,20,23,91,#N/A,#N/A,#N/A,#N/A,#N/A,#N/A,#N/A,#N/A,#N/A,#N/A,#N/A,#N/A,#N/A,#N/A,#N/A,#N/A,#N/A,#N/A,#N/A,#N/A,#N/A,#N/A,#N/A,#N/A,#N/A,#N/A,#N/A,#N/A,#N/A,#N/A,#N/A,#N/A,#N/A,#N/A,#N/A,#N/A,#N/A,#N/A,#N/A,#N/A,#N/A,#N/A,#N/A,#N/A,#N/A,#N/A,#N/A
bmm97,22,19,18,24,83,20,18,21,21,80,treat2,1,#N/A,3,14,2,2,3,1,1,2,2,2,2,2,2,3,3,1,2,2,3,2,3,3,2,2,2,3,4,2,2,1,3,2,3,2,3,3,2,2,3,2,2,2,3,2
cem333,25,21.5,23,25,94.5,23.5,22.5,24,19,89,treat1,1,#N/A,3,14,2,3,1,1,1,1,1,4,2,2,1,4,2,2,3,2,4,1,1,2,1,4,3,4,2,2,3,3,4,2,2,2,1,1,2,2,2,1,2,1,1,2
omm26,25,25,23,25,98,24,23,25,24,96,#N/A,#N/A,1,#N/A,#N/A,#N/A,#N/A,#N/A,#N/A,#N/A,#N/A,#N/A,#N/A,#N/A,#N/A,#N/A,#N/A,#N/A,#N/A,#N/A,#N/A,#N/A,#N/A,#N/A,#N/A,#N/A,#N/A,#N/A,#N/A,#N/A,#N/A,#N/A,#N/A,#N/A,#N/A,#N/A,#N/A,#N/A,#N/A,#N/A,#N/A,#N/A,#N/A,#N/A,#N/A,#N/A,#N/A
cem362,22.5,25,18,25,90.5,25,20,25,23,93,treat2,#N/A,#N/A,#N/A,#N/A,#N/A,#N/A,#N/A,#N/A,#N/A,#N/A,#N/A,#N/A,#N/A,#N/A,#N/A,#N/A,#N/A,#N/A,#N/A,#N/A,#N/A,#N/A,#N/A,#N/A,#N/A,3,1,2,1,1,2,2,4,2,4,4,4,2,2,2,3,1,2,2,3,2
pim6,22,23.5,21,24,90.5,23,23,24,23,93,treat1,1,#N/A,2,13,2,2,4,5,5,1,1,1,3,5,1,2,1,1,2,2,2,2,1,1,1,2,4,2,2,2,1,2,2,2,4,2,2,2,2,2,3,3,1,3,2,1
lmm296,23,24.5,21,25,93.5,24,21,21,25,91,#N/A,#N/A,#N/A,#N/A,#N/A,#N/A,#N/A,#N/A,#N/A,#N/A,#N/A,#N/A,#N/A,#N/A,#N/A,#N/A,#N/A,#N/A,#N/A,#N/A,#N/A,#N/A,#N/A,#N/A,#N/A,#N/A,#N/A,#N/A,#N/A,#N/A,#N/A,#N/A,#N/A,#N/A,#N/A,#N/A,#N/A,#N/A,#N/A,#N/A,#N/A,#N/A,#N/A,#N/A,#N/A,#N/A,#N/A
mbm276,24.5,25,18,21,88.5,25,25,25,17,92,treat2,1,#N/A,2,13,1,2,3,1,1,1,1,1,1,1,1,1,1,1,1,1,1,1,1,1,1,1,1,1,1,1,1,1,2,1,2,2,2,1,1,1,1,1,1,1,2,1
mmm472,24,23,20,22,89,24,25,25,24,98,treat3,1,1,#N/A,#N/A,#N/A,#N/A,#N/A,#N/A,#N/A,#N/A,#N/A,#N/A,#N/A,#N/A,#N/A,#N/A,#N/A,#N/A,#N/A,#N/A,#N/A,#N/A,#N/A,#N/A,#N/A,2,2,4,4,4,4,4,2,2,3,2,3,2,2,3,2,2,2,2,2,2
rm967,25,25,25,25,100,23,17.5,24,25,89.5,#N/A,#N/A,1,#N/A,#N/A,#N/A,#N/A,#N/A,#N/A,#N/A,#N/A,#N/A,#N/A,#N/A,#N/A,#N/A,#N/A,#N/A,#N/A,#N/A,#N/A,#N/A,#N/A,#N/A,#N/A,#N/A,#N/A,#N/A,#N/A,#N/A,#N/A,#N/A,#N/A,#N/A,#N/A,#N/A,#N/A,#N/A,#N/A,#N/A,#N/A,#N/A,#N/A,#N/A,#N/A,#N/A,#N/A
mrm338,21,22,22,23,88,23,25,23,19,90,#N/A,#N/A,#N/A,#N/A,#N/A,#N/A,#N/A,#N/A,#N/A,#N/A,#N/A,#N/A,#N/A,#N/A,#N/A,#N/A,#N/A,#N/A,#N/A,#N/A,#N/A,#N/A,#N/A,#N/A,#N/A,#N/A,#N/A,#N/A,#N/A,#N/A,#N/A,#N/A,#N/A,#N/A,#N/A,#N/A,#N/A,#N/A,#N/A,#N/A,#N/A,#N/A,#N/A,#N/A,#N/A,#N/A,#N/A
mwm232,24.5,23.5,22,25,95,24,23,23,25,95,treat2,1,1,1,15,4,3,4,5,4,4,4,4,4,4,2,3,2,3,4,4,3,4,3,4,2,4,2,5,5,5,5,5,5,4,5,4,5,4,4,5,4,5,4,4,4,2
enm36,25,25,21,25,96,25,25,24,25,99,treat2,1,#N/A,2,14,1,2,1,4,2,2,2,4,2,3,1,2,2,2,2,4,2,2,2,2,2,1,2,2,1,1,1,1,3,2,2,1,2,1,1,2,2,2,2,1,1,2
bkn8,19.5,20.5,22,24,86,19.5,20.5,23,25,88,treat2,1,#N/A,2,13,1,1,1,1,1,1,1,1,1,1,1,1,1,1,1,1,1,1,1,1,1,2,1,1,1,1,1,1,1,1,1,1,1,1,1,1,1,1,1,1,1,1
an646,24.5,24,25,25,98.5,24,25,22,24,95,treat3,1,1,#N/A,#N/A,#N/A,#N/A,#N/A,#N/A,#N/A,#N/A,#N/A,#N/A,#N/A,#N/A,#N/A,#N/A,#N/A,#N/A,#N/A,#N/A,#N/A,#N/A,#N/A,#N/A,#N/A,4,3,5,5,4,3,3,3,3,5,3,5,5,1,2,2,4,2,2,3,2
tjn46,25,25,25,25,100,21.5,25,23,21,90.5,treat1,#N/A,#N/A,#N/A,#N/A,#N/A,#N/A,#N/A,#N/A,#N/A,#N/A,#N/A,#N/A,#N/A,#N/A,#N/A,#N/A,#N/A,#N/A,#N/A,#N/A,#N/A,#N/A,#N/A,#N/A,#N/A,3,4,2,2,2,2,2,2,3,4,4,4,2,2,2,2,2,2,2,4,4
jcn66,22,24.5,25,23,94.5,24,25,25,25,99,treat3,1,#N/A,0,15,1,1,1,1,2,3,2,4,2,2,2,1,1,1,1,1,1,1,1,2,2,1,1,1,1,1,2,1,2,1,1,1,1,1,1,1,1,1,1,1,1,1
agn44,23.5,22,18,25,88.5,20.5,18,19.5,17,75,treat2,#N/A,1,#N/A,#N/A,#N/A,#N/A,#N/A,#N/A,#N/A,#N/A,#N/A,#N/A,#N/A,#N/A,#N/A,#N/A,#N/A,#N/A,#N/A,#N/A,#N/A,#N/A,#N/A,#N/A,#N/A,#N/A,#N/A,#N/A,#N/A,#N/A,#N/A,#N/A,#N/A,#N/A,#N/A,#N/A,#N/A,#N/A,#N/A,#N/A,#N/A,#N/A,#N/A,#N/A,#N/A,#N/A
mjn97,24,24.5,23,24,95.5,23,17.5,24,25,89.5,#N/A,#N/A,#N/A,#N/A,#N/A,#N/A,#N/A,#N/A,#N/A,#N/A,#N/A,#N/A,#N/A,#N/A,#N/A,#N/A,#N/A,#N/A,#N/A,#N/A,#N/A,#N/A,#N/A,#N/A,#N/A,#N/A,#N/A,#N/A,#N/A,#N/A,#N/A,#N/A,#N/A,#N/A,#N/A,#N/A,#N/A,#N/A,#N/A,#N/A,#N/A,#N/A,#N/A,#N/A,#N/A,#N/A,#N/A
tbo6,17,19,16,25,77,21,20.5,18.5,19,79,#N/A,#N/A,1,#N/A,#N/A,#N/A,#N/A,#N/A,#N/A,#N/A,#N/A,#N/A,#N/A,#N/A,#N/A,#N/A,#N/A,#N/A,#N/A,#N/A,#N/A,#N/A,#N/A,#N/A,#N/A,#N/A,#N/A,#N/A,#N/A,#N/A,#N/A,#N/A,#N/A,#N/A,#N/A,#N/A,#N/A,#N/A,#N/A,#N/A,#N/A,#N/A,#N/A,#N/A,#N/A,#N/A,#N/A
fjo22,18.5,22.5,21,21,83,19,4,22,19,64,#N/A,#N/A,#N/A,#N/A,#N/A,#N/A,#N/A,#N/A,#N/A,#N/A,#N/A,#N/A,#N/A,#N/A,#N/A,#N/A,#N/A,#N/A,#N/A,#N/A,#N/A,#N/A,#N/A,#N/A,#N/A,#N/A,#N/A,#N/A,#N/A,#N/A,#N/A,#N/A,#N/A,#N/A,#N/A,#N/A,#N/A,#N/A,#N/A,#N/A,#N/A,#N/A,#N/A,#N/A,#N/A,#N/A,#N/A
po92,25,25,23,25,98,23,25,24,23,95,treat2,1,#N/A,2,14,1,1,1,1,2,1,2,3,2,2,1,1,1,2,1,1,1,1,1,1,1,2,1,2,3,2,2,2,2,1,2,2,1,1,1,1,1,1,1,2,2,1
cso39,20,20.5,21,25,86.5,,0,0,0,0,#N/A,#N/A,#N/A,#N/A,#N/A,#N/A,#N/A,#N/A,#N/A,#N/A,#N/A,#N/A,#N/A,#N/A,#N/A,#N/A,#N/A,#N/A,#N/A,#N/A,#N/A,#N/A,#N/A,#N/A,#N/A,#N/A,#N/A,#N/A,#N/A,#N/A,#N/A,#N/A,#N/A,#N/A,#N/A,#N/A,#N/A,#N/A,#N/A,#N/A,#N/A,#N/A,#N/A,#N/A,#N/A,#N/A,#N/A
lso26,25,23,22,25,95,,0,0,0,0,#N/A,#N/A,#N/A,#N/A,#N/A,#N/A,#N/A,#N/A,#N/A,#N/A,#N/A,#N/A,#N/A,#N/A,#N/A,#N/A,#N/A,#N/A,#N/A,#N/A,#N/A,#N/A,#N/A,#N/A,#N/A,#N/A,#N/A,#N/A,#N/A,#N/A,#N/A,#N/A,#N/A,#N/A,#N/A,#N/A,#N/A,#N/A,#N/A,#N/A,#N/A,#N/A,#N/A,#N/A,#N/A,#N/A,#N/A
do249,25,24,25,25,99,25,25,25,25,100,#N/A,#N/A,#N/A,#N/A,#N/A,#N/A,#N/A,#N/A,#N/A,#N/A,#N/A,#N/A,#N/A,#N/A,#N/A,#N/A,#N/A,#N/A,#N/A,#N/A,#N/A,#N/A,#N/A,#N/A,#N/A,#N/A,#N/A,#N/A,#N/A,#N/A,#N/A,#N/A,#N/A,#N/A,#N/A,#N/A,#N/A,#N/A,#N/A,#N/A,#N/A,#N/A,#N/A,#N/A,#N/A,#N/A,#N/A
aso34,21,20.5,25,20,86.5,20,23,21,23,87,treat2,1,1,0,15,1,1,2,1,4,1,1,5,3,5,1,1,1,1,1,1,1,1,1,2,1,1,1,2,2,3,1,2,2,1,1,1,1,1,1,1,2,1,1,2,2,2
oao8,20,24.5,22,21,87.5,11,20.5,23,22,76.5,treat1,1,#N/A,3,13,1,2,2,4,2,2,2,2,1,2,2,1,2,2,1,2,1,2,2,2,1,1,2,2,2,1,1,2,3,2,1,2,1,2,2,1,2,1,1,2,2,1
map382,19.5,24.5,24,25,93,21,23,23,23,90,#N/A,#N/A,#N/A,#N/A,#N/A,#N/A,#N/A,#N/A,#N/A,#N/A,#N/A,#N/A,#N/A,#N/A,#N/A,#N/A,#N/A,#N/A,#N/A,#N/A,#N/A,#N/A,#N/A,#N/A,#N/A,#N/A,#N/A,#N/A,#N/A,#N/A,#N/A,#N/A,#N/A,#N/A,#N/A,#N/A,#N/A,#N/A,#N/A,#N/A,#N/A,#N/A,#N/A,#N/A,#N/A,#N/A,#N/A
asp262,25,20.5,22,24,91.5,20,21.5,24,17,82.5,treat1,1,#N/A,2,15,2,3,3,2,2,3,2,3,2,2,3,2,2,1,2,1,2,2,2,2,1,2,2,2,3,1,4,2,3,2,3,3,2,2,3,3,2,3,2,2,2,1
bcp44,20,25,19,25,89,22,25,19,21,87,treat3,1,1,0,15,3,2,2,2,2,3,2,2,2,3,3,4,3,2,2,2,3,3,2,2,2,3,2,4,2,3,3,2,2,2,3,4,4,4,3,2,2,2,2,2,2,2
jap434,24,24.5,14,3,65.5,20,16,20,6,62,treat1,#N/A,#N/A,#N/A,#N/A,#N/A,#N/A,#N/A,#N/A,#N/A,#N/A,#N/A,#N/A,#N/A,#N/A,#N/A,#N/A,#N/A,#N/A,#N/A,#N/A,#N/A,#N/A,#N/A,#N/A,#N/A,2,1,3,4,2,2,2,3,1,2,2,3,2,2,2,3,3,3,4,3,2
egp45,25,25,25,25,100,23,20.5,17,23,83.5,treat3,1,1,#N/A,#N/A,#N/A,#N/A,#N/A,#N/A,#N/A,#N/A,#N/A,#N/A,#N/A,#N/A,#N/A,#N/A,#N/A,#N/A,#N/A,#N/A,#N/A,#N/A,#N/A,#N/A,#N/A,4,2,2,2,2,1,2,4,1,2,3,2,1,2,1,3,2,2,1,4,1
ep428,21.5,23,21,24,89.5,21,22.5,21,23,87.5,#N/A,#N/A,1,#N/A,#N/A,#N/A,#N/A,#N/A,#N/A,#N/A,#N/A,#N/A,#N/A,#N/A,#N/A,#N/A,#N/A,#N/A,#N/A,#N/A,#N/A,#N/A,#N/A,#N/A,#N/A,#N/A,#N/A,#N/A,#N/A,#N/A,#N/A,#N/A,#N/A,#N/A,#N/A,#N/A,#N/A,#N/A,#N/A,#N/A,#N/A,#N/A,#N/A,#N/A,#N/A,#N/A,#N/A
gnp23,23,22,20,24,89,17.5,14.5,18,20,70,treat1,1,#N/A,1,13,2,3,3,1,1,1,2,3,2,3,3,1,1,3,1,2,1,1,1,1,1,2,1,1,1,1,2,3,2,2,3,4,2,2,3,1,3,1,2,1,1,1
jp2249,22,25,21,23,91,24,22,19,18,83,#N/A,#N/A,#N/A,#N/A,#N/A,#N/A,#N/A,#N/A,#N/A,#N/A,#N/A,#N/A,#N/A,#N/A,#N/A,#N/A,#N/A,#N/A,#N/A,#N/A,#N/A,#N/A,#N/A,#N/A,#N/A,#N/A,#N/A,#N/A,#N/A,#N/A,#N/A,#N/A,#N/A,#N/A,#N/A,#N/A,#N/A,#N/A,#N/A,#N/A,#N/A,#N/A,#N/A,#N/A,#N/A,#N/A,#N/A
kip22,23,25,20,25,93,21,15,23,20,79,treat3,1,1,0,15,5,2,1,5,2,2,2,3,2,2,4,4,4,3,3,3,4,3,3,3,2,4,1,1,5,3,4,2,3,3,5,3,4,2,3,2,3,2,2,2,3,4
imp24,25,24,21,22,92,22,25,22,23,92,#N/A,#N/A,#N/A,#N/A,#N/A,#N/A,#N/A,#N/A,#N/A,#N/A,#N/A,#N/A,#N/A,#N/A,#N/A,#N/A,#N/A,#N/A,#N/A,#N/A,#N/A,#N/A,#N/A,#N/A,#N/A,#N/A,#N/A,#N/A,#N/A,#N/A,#N/A,#N/A,#N/A,#N/A,#N/A,#N/A,#N/A,#N/A,#N/A,#N/A,#N/A,#N/A,#N/A,#N/A,#N/A,#N/A,#N/A
sep234,19,25,21,21,86,20,20.5,23,23,86.5,#N/A,#N/A,#N/A,#N/A,#N/A,#N/A,#N/A,#N/A,#N/A,#N/A,#N/A,#N/A,#N/A,#N/A,#N/A,#N/A,#N/A,#N/A,#N/A,#N/A,#N/A,#N/A,#N/A,#N/A,#N/A,#N/A,#N/A,#N/A,#N/A,#N/A,#N/A,#N/A,#N/A,#N/A,#N/A,#N/A,#N/A,#N/A,#N/A,#N/A,#N/A,#N/A,#N/A,#N/A,#N/A,#N/A,#N/A
gp293,25,25,24,25,99,24,25,21,25,95,#N/A,#N/A,#N/A,#N/A,#N/A,#N/A,#N/A,#N/A,#N/A,#N/A,#N/A,#N/A,#N/A,#N/A,#N/A,#N/A,#N/A,#N/A,#N/A,#N/A,#N/A,#N/A,#N/A,#N/A,#N/A,#N/A,#N/A,#N/A,#N/A,#N/A,#N/A,#N/A,#N/A,#N/A,#N/A,#N/A,#N/A,#N/A,#N/A,#N/A,#N/A,#N/A,#N/A,#N/A,#N/A,#N/A,#N/A
lcp79,24,22.5,25,24,95.5,21.5,21.5,22,25,90,treat2,1,#N/A,2,13,1,2,4,2,3,2,2,2,1,1,1,1,2,2,1,3,1,1,1,1,1,2,1,2,2,2,1,1,3,2,1,1,1,1,2,1,2,2,1,1,1,1
pip5,24.5,23.5,25,25,98,18,19.5,20,25,82.5,#N/A,#N/A,#N/A,#N/A,#N/A,#N/A,#N/A,#N/A,#N/A,#N/A,#N/A,#N/A,#N/A,#N/A,#N/A,#N/A,#N/A,#N/A,#N/A,#N/A,#N/A,#N/A,#N/A,#N/A,#N/A,#N/A,#N/A,#N/A,#N/A,#N/A,#N/A,#N/A,#N/A,#N/A,#N/A,#N/A,#N/A,#N/A,#N/A,#N/A,#N/A,#N/A,#N/A,#N/A,#N/A,#N/A,#N/A
nsr52,25,25,25,21,96,24,22.5,24,25,95.5,#N/A,#N/A,1,#N/A,#N/A,#N/A,#N/A,#N/A,#N/A,#N/A,#N/A,#N/A,#N/A,#N/A,#N/A,#N/A,#N/A,#N/A,#N/A,#N/A,#N/A,#N/A,#N/A,#N/A,#N/A,#N/A,#N/A,#N/A,#N/A,#N/A,#N/A,#N/A,#N/A,#N/A,#N/A,#N/A,#N/A,#N/A,#N/A,#N/A,#N/A,#N/A,#N/A,#N/A,#N/A,#N/A,#N/A
slr234,25,25,25,25,100,24,25,25,25,99,#N/A,#N/A,1,#N/A,#N/A,#N/A,#N/A,#N/A,#N/A,#N/A,#N/A,#N/A,#N/A,#N/A,#N/A,#N/A,#N/A,#N/A,#N/A,#N/A,#N/A,#N/A,#N/A,#N/A,#N/A,#N/A,#N/A,#N/A,#N/A,#N/A,#N/A,#N/A,#N/A,#N/A,#N/A,#N/A,#N/A,#N/A,#N/A,#N/A,#N/A,#N/A,#N/A,#N/A,#N/A,#N/A,#N/A
mkr76,25,24,21,24,94,25,25,24,23,97,#N/A,#N/A,#N/A,#N/A,#N/A,#N/A,#N/A,#N/A,#N/A,#N/A,#N/A,#N/A,#N/A,#N/A,#N/A,#N/A,#N/A,#N/A,#N/A,#N/A,#N/A,#N/A,#N/A,#N/A,#N/A,#N/A,#N/A,#N/A,#N/A,#N/A,#N/A,#N/A,#N/A,#N/A,#N/A,#N/A,#N/A,#N/A,#N/A,#N/A,#N/A,#N/A,#N/A,#N/A,#N/A,#N/A,#N/A
vr254,25,25,23,24,97,23,25,24,23,95,treat2,#N/A,1,#N/A,#N/A,#N/A,#N/A,#N/A,#N/A,#N/A,#N/A,#N/A,#N/A,#N/A,#N/A,#N/A,#N/A,#N/A,#N/A,#N/A,#N/A,#N/A,#N/A,#N/A,#N/A,#N/A,3,4,4,4,2,1,1,1,1,4,1,2,1,2,4,3,3,2,2,2,2
jgr88,7,16,8,11,42,18,18.5,20,14,70.5,#N/A,#N/A,#N/A,#N/A,#N/A,#N/A,#N/A,#N/A,#N/A,#N/A,#N/A,#N/A,#N/A,#N/A,#N/A,#N/A,#N/A,#N/A,#N/A,#N/A,#N/A,#N/A,#N/A,#N/A,#N/A,#N/A,#N/A,#N/A,#N/A,#N/A,#N/A,#N/A,#N/A,#N/A,#N/A,#N/A,#N/A,#N/A,#N/A,#N/A,#N/A,#N/A,#N/A,#N/A,#N/A,#N/A,#N/A
kr397,24,25,21,24,94,23,23,24,24,94,treat2,1,#N/A,2,13,1,2,2,2,1,1,2,2,1,2,1,1,1,1,1,2,2,1,1,1,1,2,2,3,2,2,2,2,2,2,2,2,2,2,2,1,2,1,1,2,2,2
kmr225,23,23.5,25,24,95.5,24,22,25,23,94,treat2,1,#N/A,2,13,2,2,1,2,2,1,1,2,1,2,2,2,1,1,4,1,4,1,1,1,1,1,2,2,2,2,1,1,2,1,4,2,2,1,2,2,1,2,2,2,2,1
rsr267,25,24,22,24,95,22,24,25,23,94,#N/A,#N/A,#N/A,#N/A,#N/A,#N/A,#N/A,#N/A,#N/A,#N/A,#N/A,#N/A,#N/A,#N/A,#N/A,#N/A,#N/A,#N/A,#N/A,#N/A,#N/A,#N/A,#N/A,#N/A,#N/A,#N/A,#N/A,#N/A,#N/A,#N/A,#N/A,#N/A,#N/A,#N/A,#N/A,#N/A,#N/A,#N/A,#N/A,#N/A,#N/A,#N/A,#N/A,#N/A,#N/A,#N/A,#N/A
nzr2,21.5,24,21,23,89.5,23,23,22,23,91,treat1,#N/A,#N/A,#N/A,#N/A,#N/A,#N/A,#N/A,#N/A,#N/A,#N/A,#N/A,#N/A,#N/A,#N/A,#N/A,#N/A,#N/A,#N/A,#N/A,#N/A,#N/A,#N/A,#N/A,#N/A,#N/A,2,3,3,4,4,2,2,2,1,3,3,4,4,4,3,4,2,3,4,3,3
mar493,24,23,21,25,93,22,22,22,25,91,treat3,1,#N/A,0,14,2,2,3,4,2,2,2,3,3,2,4,2,3,2,1,2,1,2,2,3,2,4,2,3,4,2,2,2,2,2,4,4,2,2,2,3,3,3,3,2,2,1
aar233,25,25,18,23,91,24,25,25,23,97,treat3,1,#N/A,0,15,2,1,2,4,2,1,1,1,1,1,1,1,1,1,1,1,1,2,2,1,1,2,1,3,3,2,2,2,2,2,2,1,1,1,1,1,2,2,3,3,4,2
dar347,20.5,21.5,23,25,90,19.5,21,17,22,79.5,treat1,1,#N/A,1,13,2,2,2,2,1,1,1,2,2,2,3,3,2,2,2,2,1,3,1,1,1,1,2,2,1,1,1,1,1,1,2,1,2,4,2,1,2,1,1,0,1,1
ber75,21,20.5,22,21,84.5,20,23.5,21,25,89.5,#N/A,#N/A,1,#N/A,#N/A,#N/A,#N/A,#N/A,#N/A,#N/A,#N/A,#N/A,#N/A,#N/A,#N/A,#N/A,#N/A,#N/A,#N/A,#N/A,#N/A,#N/A,#N/A,#N/A,#N/A,#N/A,#N/A,#N/A,#N/A,#N/A,#N/A,#N/A,#N/A,#N/A,#N/A,#N/A,#N/A,#N/A,#N/A,#N/A,#N/A,#N/A,#N/A,#N/A,#N/A,#N/A,#N/A
wmr43,21,23.5,18,25,87.5,24,24.5,23,23,94.5,treat2,1,#N/A,4,13,1,1,1,4,2,1,1,1,1,2,1,1,1,1,1,1,1,1,1,1,1,1,1,1,2,2,1,2,3,3,4,2,3,2,2,2,2,3,1,1,1,1
mcr254,21,21.5,18,25,85.5,18.5,22,19,19,78.5,treat2,1,#N/A,2,13,1,2,3,3,1,1,2,1,2,1,2,2,2,2,2,3,2,2,1,2,1,2,1,2,2,1,1,1,2,2,2,2,2,2,2,2,2,1,2,2,1,1
ajr279,23,24,21,22,90,24,23,22,25,94,treat2,1,1,3,14,2,2,4,4,4,1,2,2,4,5,1,1,1,1,1,1,2,1,1,1,1,4,2,2,2,4,2,2,5,2,3,4,2,2,2,2,2,2,1,2,2,1
jhr249,22,25,23,25,95,22,20,23,21,86,treat2,1,#N/A,3,13,1,2,3,4,2,2,2,3,2,2,2,1,2,2,2,2,1,1,2,2,2,1,1,2,1,2,2,1,3,2,1,2,4,2,2,2,2,2,2,4,2,2
kr444,22,25,21,23.5,91.5,17.5,14,19.5,17,68,#N/A,#N/A,#N/A,#N/A,#N/A,#N/A,#N/A,#N/A,#N/A,#N/A,#N/A,#N/A,#N/A,#N/A,#N/A,#N/A,#N/A,#N/A,#N/A,#N/A,#N/A,#N/A,#N/A,#N/A,#N/A,#N/A,#N/A,#N/A,#N/A,#N/A,#N/A,#N/A,#N/A,#N/A,#N/A,#N/A,#N/A,#N/A,#N/A,#N/A,#N/A,#N/A,#N/A,#N/A,#N/A,#N/A,#N/A
hr369,22,23.5,22,25,92.5,25,25,23,14,87,treat3,1,1,2,15,2,5,5,4,4,4,4,3,3,4,4,5,4,4,3,4,4,4,2,3,2,4,4,3,3,4,4,3,3,3,4,5,4,4,4,4,3,4,4,3,4,3
jar589,23.5,22.5,17,25,88,24,25,24,23,96,#N/A,#N/A,#N/A,#N/A,#N/A,#N/A,#N/A,#N/A,#N/A,#N/A,#N/A,#N/A,#N/A,#N/A,#N/A,#N/A,#N/A,#N/A,#N/A,#N/A,#N/A,#N/A,#N/A,#N/A,#N/A,#N/A,#N/A,#N/A,#N/A,#N/A,#N/A,#N/A,#N/A,#N/A,#N/A,#N/A,#N/A,#N/A,#N/A,#N/A,#N/A,#N/A,#N/A,#N/A,#N/A,#N/A,#N/A
kr552,24.5,24.5,25,21,95,22,17,22,19,80,#N/A,#N/A,#N/A,#N/A,#N/A,#N/A,#N/A,#N/A,#N/A,#N/A,#N/A,#N/A,#N/A,#N/A,#N/A,#N/A,#N/A,#N/A,#N/A,#N/A,#N/A,#N/A,#N/A,#N/A,#N/A,#N/A,#N/A,#N/A,#N/A,#N/A,#N/A,#N/A,#N/A,#N/A,#N/A,#N/A,#N/A,#N/A,#N/A,#N/A,#N/A,#N/A,#N/A,#N/A,#N/A,#N/A,#N/A
hr263,25,25,21,25,96,,0,0,0,0,#N/A,#N/A,#N/A,#N/A,#N/A,#N/A,#N/A,#N/A,#N/A,#N/A,#N/A,#N/A,#N/A,#N/A,#N/A,#N/A,#N/A,#N/A,#N/A,#N/A,#N/A,#N/A,#N/A,#N/A,#N/A,#N/A,#N/A,#N/A,#N/A,#N/A,#N/A,#N/A,#N/A,#N/A,#N/A,#N/A,#N/A,#N/A,#N/A,#N/A,#N/A,#N/A,#N/A,#N/A,#N/A,#N/A,#N/A
as3582,21.5,24.5,21,25,92,21.5,18.5,17,20,77,#N/A,#N/A,#N/A,#N/A,#N/A,#N/A,#N/A,#N/A,#N/A,#N/A,#N/A,#N/A,#N/A,#N/A,#N/A,#N/A,#N/A,#N/A,#N/A,#N/A,#N/A,#N/A,#N/A,#N/A,#N/A,#N/A,#N/A,#N/A,#N/A,#N/A,#N/A,#N/A,#N/A,#N/A,#N/A,#N/A,#N/A,#N/A,#N/A,#N/A,#N/A,#N/A,#N/A,#N/A,#N/A,#N/A,#N/A
cms528,24,24.5,18,25,91.5,24,25,23,25,97,treat3,1,#N/A,0,14,2,5,2,5,4,2,3,1,1,2,4,2,4,2,2,3,4,2,2,1,1,2,4,2,4,2,4,4,1,1,5,3,3,2,1,3,2,4,2,1,1,4
hbs57,25,24,22,25,96,24,24,25,24,97,#N/A,#N/A,#N/A,#N/A,#N/A,#N/A,#N/A,#N/A,#N/A,#N/A,#N/A,#N/A,#N/A,#N/A,#N/A,#N/A,#N/A,#N/A,#N/A,#N/A,#N/A,#N/A,#N/A,#N/A,#N/A,#N/A,#N/A,#N/A,#N/A,#N/A,#N/A,#N/A,#N/A,#N/A,#N/A,#N/A,#N/A,#N/A,#N/A,#N/A,#N/A,#N/A,#N/A,#N/A,#N/A,#N/A,#N/A
ds868,20.5,23.5,22,25,91,22,25,23,24,94,#N/A,#N/A,#N/A,#N/A,#N/A,#N/A,#N/A,#N/A,#N/A,#N/A,#N/A,#N/A,#N/A,#N/A,#N/A,#N/A,#N/A,#N/A,#N/A,#N/A,#N/A,#N/A,#N/A,#N/A,#N/A,#N/A,#N/A,#N/A,#N/A,#N/A,#N/A,#N/A,#N/A,#N/A,#N/A,#N/A,#N/A,#N/A,#N/A,#N/A,#N/A,#N/A,#N/A,#N/A,#N/A,#N/A,#N/A
mes427,24,24.5,25,25,98.5,25,25,21,24,95,treat3,1,#N/A,4,14,2,2,2,3,3,4,3,3,2,3,2,3,2,2,3,3,2,2,3,3,1,3,2,2,3,4,4,3,3,2,2,2,2,2,2,2,2,3,1,2,3,2
as2582,24.5,21,21,25,91.5,23,24,23,24,94,treat3,1,#N/A,0,14,2,2,3,2,2,2,2,2,2,2,2,2,2,2,2,2,2,2,2,2,2,2,3,4,2,2,2,2,2,2,2,2,2,2,2,2,2,2,2,2,2,2
ams672,24.5,23.5,24,22,94,24,24,22,20,90,#N/A,#N/A,#N/A,#N/A,#N/A,#N/A,#N/A,#N/A,#N/A,#N/A,#N/A,#N/A,#N/A,#N/A,#N/A,#N/A,#N/A,#N/A,#N/A,#N/A,#N/A,#N/A,#N/A,#N/A,#N/A,#N/A,#N/A,#N/A,#N/A,#N/A,#N/A,#N/A,#N/A,#N/A,#N/A,#N/A,#N/A,#N/A,#N/A,#N/A,#N/A,#N/A,#N/A,#N/A,#N/A,#N/A,#N/A
gs542,25,25,22,24,96,24,25,23,25,97,treat2,#N/A,#N/A,#N/A,#N/A,#N/A,#N/A,#N/A,#N/A,#N/A,#N/A,#N/A,#N/A,#N/A,#N/A,#N/A,#N/A,#N/A,#N/A,#N/A,#N/A,#N/A,#N/A,#N/A,#N/A,#N/A,1,1,2,2,1,1,1,3,2,1,1,2,1,1,2,1,2,3,1,1,1
ys742,24.5,25,21,24,94.5,22,23,22,20,87,treat1,#N/A,#N/A,#N/A,#N/A,#N/A,#N/A,#N/A,#N/A,#N/A,#N/A,#N/A,#N/A,#N/A,#N/A,#N/A,#N/A,#N/A,#N/A,#N/A,#N/A,#N/A,#N/A,#N/A,#N/A,#N/A,2,2,2,2,1,1,1,1,1,3,2,3,2,1,2,2,2,1,2,2,1
ms2637,25,23,20,23.5,91.5,23,25,25,23,96,treat1,1,1,2,13,2,2,2,2,2,1,2,1,1,1,1,1,1,1,1,1,2,1,1,1,1,3,2,2,1,1,2,2,2,2,1,1,2,1,1,2,1,2,2,1,1,1
ebs98,21.5,23.5,23,25,93,24,22,23,23,92,#N/A,#N/A,#N/A,#N/A,#N/A,#N/A,#N/A,#N/A,#N/A,#N/A,#N/A,#N/A,#N/A,#N/A,#N/A,#N/A,#N/A,#N/A,#N/A,#N/A,#N/A,#N/A,#N/A,#N/A,#N/A,#N/A,#N/A,#N/A,#N/A,#N/A,#N/A,#N/A,#N/A,#N/A,#N/A,#N/A,#N/A,#N/A,#N/A,#N/A,#N/A,#N/A,#N/A,#N/A,#N/A,#N/A,#N/A
xs248,22,24.5,17,13,76.5,22,21.5,23,25,91.5,#N/A,#N/A,1,#N/A,#N/A,#N/A,#N/A,#N/A,#N/A,#N/A,#N/A,#N/A,#N/A,#N/A,#N/A,#N/A,#N/A,#N/A,#N/A,#N/A,#N/A,#N/A,#N/A,#N/A,#N/A,#N/A,#N/A,#N/A,#N/A,#N/A,#N/A,#N/A,#N/A,#N/A,#N/A,#N/A,#N/A,#N/A,#N/A,#N/A,#N/A,#N/A,#N/A,#N/A,#N/A,#N/A,#N/A
es926,25,25,23,25,98,25,25,22.5,23,95.5,treat1,#N/A,#N/A,#N/A,#N/A,#N/A,#N/A,#N/A,#N/A,#N/A,#N/A,#N/A,#N/A,#N/A,#N/A,#N/A,#N/A,#N/A,#N/A,#N/A,#N/A,#N/A,#N/A,#N/A,#N/A,#N/A,2,2,2,3,2,3,3,4,4,3,2,4,3,2,4,3,3,2,2,2,1
mls526,24.5,23,22,23,92.5,21,22,21,20,84,#N/A,#N/A,#N/A,#N/A,#N/A,#N/A,#N/A,#N/A,#N/A,#N/A,#N/A,#N/A,#N/A,#N/A,#N/A,#N/A,#N/A,#N/A,#N/A,#N/A,#N/A,#N/A,#N/A,#N/A,#N/A,#N/A,#N/A,#N/A,#N/A,#N/A,#N/A,#N/A,#N/A,#N/A,#N/A,#N/A,#N/A,#N/A,#N/A,#N/A,#N/A,#N/A,#N/A,#N/A,#N/A,#N/A,#N/A
ds799,22.5,24.5,21,24.5,92.5,19,22,23,25,89,treat3,1,#N/A,0,17,2,3,2,4,2,3,2,3,2,3,2,3,2,2,3,2,3,3,3,3,2,3,3,2,2,2,2,2,3,2,2,3,2,4,3,2,2,2,2,3,3,2
jms978,25,20.5,22,23.5,91,20,19.5,19,20,78.5,treat1,#N/A,#N/A,#N/A,#N/A,#N/A,#N/A,#N/A,#N/A,#N/A,#N/A,#N/A,#N/A,#N/A,#N/A,#N/A,#N/A,#N/A,#N/A,#N/A,#N/A,#N/A,#N/A,#N/A,#N/A,#N/A,3,3,2,3,2,2,3,4,3,2,2,2,2,2,2,2,2,2,2,2,2
aas337,23.5,13.5,19,18,74,19,22,21,11,73,#N/A,#N/A,#N/A,#N/A,#N/A,#N/A,#N/A,#N/A,#N/A,#N/A,#N/A,#N/A,#N/A,#N/A,#N/A,#N/A,#N/A,#N/A,#N/A,#N/A,#N/A,#N/A,#N/A,#N/A,#N/A,#N/A,#N/A,#N/A,#N/A,#N/A,#N/A,#N/A,#N/A,#N/A,#N/A,#N/A,#N/A,#N/A,#N/A,#N/A,#N/A,#N/A,#N/A,#N/A,#N/A,#N/A,#N/A
mvs39,23,24,23,23,93,22,24,25,25,96,treat1,#N/A,#N/A,#N/A,#N/A,#N/A,#N/A,#N/A,#N/A,#N/A,#N/A,#N/A,#N/A,#N/A,#N/A,#N/A,#N/A,#N/A,#N/A,#N/A,#N/A,#N/A,#N/A,#N/A,#N/A,#N/A,1,1,1,2,1,1,1,2,1,1,1,1,1,1,1,1,1,1,2,2,1
mbs283,20,22.5,25,24,91.5,18,22,22,13,75,#N/A,#N/A,#N/A,#N/A,#N/A,#N/A,#N/A,#N/A,#N/A,#N/A,#N/A,#N/A,#N/A,#N/A,#N/A,#N/A,#N/A,#N/A,#N/A,#N/A,#N/A,#N/A,#N/A,#N/A,#N/A,#N/A,#N/A,#N/A,#N/A,#N/A,#N/A,#N/A,#N/A,#N/A,#N/A,#N/A,#N/A,#N/A,#N/A,#N/A,#N/A,#N/A,#N/A,#N/A,#N/A,#N/A,#N/A
las536,22,23,23,25,93,23,25,21,25,94,#N/A,#N/A,#N/A,#N/A,#N/A,#N/A,#N/A,#N/A,#N/A,#N/A,#N/A,#N/A,#N/A,#N/A,#N/A,#N/A,#N/A,#N/A,#N/A,#N/A,#N/A,#N/A,#N/A,#N/A,#N/A,#N/A,#N/A,#N/A,#N/A,#N/A,#N/A,#N/A,#N/A,#N/A,#N/A,#N/A,#N/A,#N/A,#N/A,#N/A,#N/A,#N/A,#N/A,#N/A,#N/A,#N/A,#N/A
fgs28,10.5,14,18,18,60.5,10,15,20.5,16,61.5,#N/A,#N/A,#N/A,#N/A,#N/A,#N/A,#N/A,#N/A,#N/A,#N/A,#N/A,#N/A,#N/A,#N/A,#N/A,#N/A,#N/A,#N/A,#N/A,#N/A,#N/A,#N/A,#N/A,#N/A,#N/A,#N/A,#N/A,#N/A,#N/A,#N/A,#N/A,#N/A,#N/A,#N/A,#N/A,#N/A,#N/A,#N/A,#N/A,#N/A,#N/A,#N/A,#N/A,#N/A,#N/A,#N/A,#N/A
als546,21.5,22.5,18,25,87,20.5,20,22,21,83.5,#N/A,#N/A,#N/A,#N/A,#N/A,#N/A,#N/A,#N/A,#N/A,#N/A,#N/A,#N/A,#N/A,#N/A,#N/A,#N/A,#N/A,#N/A,#N/A,#N/A,#N/A,#N/A,#N/A,#N/A,#N/A,#N/A,#N/A,#N/A,#N/A,#N/A,#N/A,#N/A,#N/A,#N/A,#N/A,#N/A,#N/A,#N/A,#N/A,#N/A,#N/A,#N/A,#N/A,#N/A,#N/A,#N/A,#N/A
nrs95,25,25,24,25,99,23,24,25,25,97,#N/A,#N/A,#N/A,#N/A,#N/A,#N/A,#N/A,#N/A,#N/A,#N/A,#N/A,#N/A,#N/A,#N/A,#N/A,#N/A,#N/A,#N/A,#N/A,#N/A,#N/A,#N/A,#N/A,#N/A,#N/A,#N/A,#N/A,#N/A,#N/A,#N/A,#N/A,#N/A,#N/A,#N/A,#N/A,#N/A,#N/A,#N/A,#N/A,#N/A,#N/A,#N/A,#N/A,#N/A,#N/A,#N/A,#N/A
njs84,19.5,24,21,25,89.5,24,24,22,23,93,#N/A,#N/A,#N/A,#N/A,#N/A,#N/A,#N/A,#N/A,#N/A,#N/A,#N/A,#N/A,#N/A,#N/A,#N/A,#N/A,#N/A,#N/A,#N/A,#N/A,#N/A,#N/A,#N/A,#N/A,#N/A,#N/A,#N/A,#N/A,#N/A,#N/A,#N/A,#N/A,#N/A,#N/A,#N/A,#N/A,#N/A,#N/A,#N/A,#N/A,#N/A,#N/A,#N/A,#N/A,#N/A,#N/A,#N/A
srt86,24.5,23.5,25,25,98,24,25,25,25,99,#N/A,#N/A,1,#N/A,#N/A,#N/A,#N/A,#N/A,#N/A,#N/A,#N/A,#N/A,#N/A,#N/A,#N/A,#N/A,#N/A,#N/A,#N/A,#N/A,#N/A,#N/A,#N/A,#N/A,#N/A,#N/A,#N/A,#N/A,#N/A,#N/A,#N/A,#N/A,#N/A,#N/A,#N/A,#N/A,#N/A,#N/A,#N/A,#N/A,#N/A,#N/A,#N/A,#N/A,#N/A,#N/A,#N/A
gmt59,24,22.5,23,24,93.5,20,23,22,22,87,treat2,#N/A,#N/A,#N/A,#N/A,#N/A,#N/A,#N/A,#N/A,#N/A,#N/A,#N/A,#N/A,#N/A,#N/A,#N/A,#N/A,#N/A,#N/A,#N/A,#N/A,#N/A,#N/A,#N/A,#N/A,#N/A,4,4,2,5,4,4,4,4,2,2,2,4,1,2,1,2,3,2,4,2,2
st645,25,23.5,25,25,98.5,24,21,24,25,94,#N/A,#N/A,#N/A,#N/A,#N/A,#N/A,#N/A,#N/A,#N/A,#N/A,#N/A,#N/A,#N/A,#N/A,#N/A,#N/A,#N/A,#N/A,#N/A,#N/A,#N/A,#N/A,#N/A,#N/A,#N/A,#N/A,#N/A,#N/A,#N/A,#N/A,#N/A,#N/A,#N/A,#N/A,#N/A,#N/A,#N/A,#N/A,#N/A,#N/A,#N/A,#N/A,#N/A,#N/A,#N/A,#N/A,#N/A
nct33,22,22.5,21,25,90.5,21,17.5,20,25,83.5,#N/A,#N/A,#N/A,#N/A,#N/A,#N/A,#N/A,#N/A,#N/A,#N/A,#N/A,#N/A,#N/A,#N/A,#N/A,#N/A,#N/A,#N/A,#N/A,#N/A,#N/A,#N/A,#N/A,#N/A,#N/A,#N/A,#N/A,#N/A,#N/A,#N/A,#N/A,#N/A,#N/A,#N/A,#N/A,#N/A,#N/A,#N/A,#N/A,#N/A,#N/A,#N/A,#N/A,#N/A,#N/A,#N/A,#N/A
st896,19.5,22.5,21,24,87,20,16.5,20,25,81.5,treat1,1,#N/A,2,13,1,2,2,2,2,2,2,2,2,2,2,2,2,2,2,2,2,2,2,2,2,2,2,4,2,2,3,3,3,2,2,2,2,2,2,2,2,2,2,2,3,2
vlt28,24.5,23.5,25,25,98,25,23,22,25,95,treat3,1,#N/A,4,14,2,3,3,3,2,2,2,2,2,2,1,2,2,2,1,2,1,1,2,2,1,2,2,2,3,4,2,2,2,2,3,2,2,3,2,2,3,2,1,2,2,1
hrt42,20.5,23.5,24,25,93,21,22,24,24,91,treat2,1,#N/A,2,13,2,2,2,1,1,1,1,3,3,2,1,4,1,1,2,2,3,1,2,2,2,2,1,3,4,2,2,2,1,2,2,2,3,1,2,4,2,3,2,2,2,2
rzt5,11.5,18,21,17,67.5,15,25,20,20,80,#N/A,#N/A,1,#N/A,#N/A,#N/A,#N/A,#N/A,#N/A,#N/A,#N/A,#N/A,#N/A,#N/A,#N/A,#N/A,#N/A,#N/A,#N/A,#N/A,#N/A,#N/A,#N/A,#N/A,#N/A,#N/A,#N/A,#N/A,#N/A,#N/A,#N/A,#N/A,#N/A,#N/A,#N/A,#N/A,#N/A,#N/A,#N/A,#N/A,#N/A,#N/A,#N/A,#N/A,#N/A,#N/A,#N/A
oet4,25,23.5,22,25,95.5,21,23,24,22,90,#N/A,#N/A,#N/A,#N/A,#N/A,#N/A,#N/A,#N/A,#N/A,#N/A,#N/A,#N/A,#N/A,#N/A,#N/A,#N/A,#N/A,#N/A,#N/A,#N/A,#N/A,#N/A,#N/A,#N/A,#N/A,#N/A,#N/A,#N/A,#N/A,#N/A,#N/A,#N/A,#N/A,#N/A,#N/A,#N/A,#N/A,#N/A,#N/A,#N/A,#N/A,#N/A,#N/A,#N/A,#N/A,#N/A,#N/A
kmt222,25,24,23,25,97,23,23,25,23,94,treat1,#N/A,#N/A,#N/A,#N/A,#N/A,#N/A,#N/A,#N/A,#N/A,#N/A,#N/A,#N/A,#N/A,#N/A,#N/A,#N/A,#N/A,#N/A,#N/A,#N/A,#N/A,#N/A,#N/A,#N/A,#N/A,4,2,1,4,2,1,2,3,2,4,2,1,2,2,3,2,1,1,2,1,1
gyt5,23,23,21,25,92,25,23.5,23,23,94.5,treat3,1,#N/A,0,14,2,2,1,2,1,1,1,2,1,2,2,1,1,1,1,2,1,2,1,1,1,4,1,2,4,3,2,2,2,1,2,2,2,1,2,2,3,3,2,2,2,2
jt826,23,23.5,23,25,94.5,22,23.5,22,23,90.5,#N/A,#N/A,#N/A,#N/A,#N/A,#N/A,#N/A,#N/A,#N/A,#N/A,#N/A,#N/A,#N/A,#N/A,#N/A,#N/A,#N/A,#N/A,#N/A,#N/A,#N/A,#N/A,#N/A,#N/A,#N/A,#N/A,#N/A,#N/A,#N/A,#N/A,#N/A,#N/A,#N/A,#N/A,#N/A,#N/A,#N/A,#N/A,#N/A,#N/A,#N/A,#N/A,#N/A,#N/A,#N/A,#N/A,#N/A
tt479,20,25,25,25,95,25,24,25,25,99,treat1,#N/A,#N/A,#N/A,#N/A,#N/A,#N/A,#N/A,#N/A,#N/A,#N/A,#N/A,#N/A,#N/A,#N/A,#N/A,#N/A,#N/A,#N/A,#N/A,#N/A,#N/A,#N/A,#N/A,#N/A,#N/A,5,4,2,2,4,4,2,4,1,2,2,4,2,2,4,4,4,2,1,2,1
mtt58,25,24,23,25,97,22,22.5,22,24,90.5,treat2,1,#N/A,1,13,1,2,3,4,4,3,2,2,2,2,1,2,2,2,2,2,2,2,3,3,3,3,2,2,3,3,3,3,3,3,2,2,3,3,3,3,2,3,3,3,3,3
at562,23.5,25,22,25,95.5,19,16,22,23,80,#N/A,#N/A,#N/A,#N/A,#N/A,#N/A,#N/A,#N/A,#N/A,#N/A,#N/A,#N/A,#N/A,#N/A,#N/A,#N/A,#N/A,#N/A,#N/A,#N/A,#N/A,#N/A,#N/A,#N/A,#N/A,#N/A,#N/A,#N/A,#N/A,#N/A,#N/A,#N/A,#N/A,#N/A,#N/A,#N/A,#N/A,#N/A,#N/A,#N/A,#N/A,#N/A,#N/A,#N/A,#N/A,#N/A,#N/A
ht396,25,23,21,24,93,24,25,23,23,95,treat3,1,#N/A,0,15,3,1,2,5,2,2,1,2,1,2,3,2,3,2,2,2,2,2,2,2,1,2,2,3,5,2,2,2,1,2,2,2,2,2,2,2,2,2,1,1,2,1
jnu4,22.5,24.5,23,24,94,,0,,,0,treat3,1,1,0,15,2,4,4,5,5,4,3,2,2,5,3,4,2,4,4,4,4,2,1,2,1,1,1,3,3,3,2,2,2,2,4,4,3,5,4,2,3,3,2,3,3,2
ku39,21,21,22,20,84,22,23,21,20,86,#N/A,#N/A,#N/A,#N/A,#N/A,#N/A,#N/A,#N/A,#N/A,#N/A,#N/A,#N/A,#N/A,#N/A,#N/A,#N/A,#N/A,#N/A,#N/A,#N/A,#N/A,#N/A,#N/A,#N/A,#N/A,#N/A,#N/A,#N/A,#N/A,#N/A,#N/A,#N/A,#N/A,#N/A,#N/A,#N/A,#N/A,#N/A,#N/A,#N/A,#N/A,#N/A,#N/A,#N/A,#N/A,#N/A,#N/A
ru38,19.5,24,25,23.5,92,23,24,25,17,89,#N/A,#N/A,#N/A,#N/A,#N/A,#N/A,#N/A,#N/A,#N/A,#N/A,#N/A,#N/A,#N/A,#N/A,#N/A,#N/A,#N/A,#N/A,#N/A,#N/A,#N/A,#N/A,#N/A,#N/A,#N/A,#N/A,#N/A,#N/A,#N/A,#N/A,#N/A,#N/A,#N/A,#N/A,#N/A,#N/A,#N/A,#N/A,#N/A,#N/A,#N/A,#N/A,#N/A,#N/A,#N/A,#N/A,#N/A
esv28,24,23,25,25,97,18,22,22,23,85,treat2,#N/A,#N/A,#N/A,#N/A,#N/A,#N/A,#N/A,#N/A,#N/A,#N/A,#N/A,#N/A,#N/A,#N/A,#N/A,#N/A,#N/A,#N/A,#N/A,#N/A,#N/A,#N/A,#N/A,#N/A,#N/A,4,3,3,3,3,3,2,4,2,2,3,4,5,3,4,3,2,4,2,2,2
rv268,23.5,21.5,23,19,87,14,16,22,15,67,#N/A,#N/A,#N/A,#N/A,#N/A,#N/A,#N/A,#N/A,#N/A,#N/A,#N/A,#N/A,#N/A,#N/A,#N/A,#N/A,#N/A,#N/A,#N/A,#N/A,#N/A,#N/A,#N/A,#N/A,#N/A,#N/A,#N/A,#N/A,#N/A,#N/A,#N/A,#N/A,#N/A,#N/A,#N/A,#N/A,#N/A,#N/A,#N/A,#N/A,#N/A,#N/A,#N/A,#N/A,#N/A,#N/A,#N/A
dv234,21,24,21,18,84,13,11.5,17,8,49.5,#N/A,#N/A,#N/A,#N/A,#N/A,#N/A,#N/A,#N/A,#N/A,#N/A,#N/A,#N/A,#N/A,#N/A,#N/A,#N/A,#N/A,#N/A,#N/A,#N/A,#N/A,#N/A,#N/A,#N/A,#N/A,#N/A,#N/A,#N/A,#N/A,#N/A,#N/A,#N/A,#N/A,#N/A,#N/A,#N/A,#N/A,#N/A,#N/A,#N/A,#N/A,#N/A,#N/A,#N/A,#N/A,#N/A,#N/A
av435,25,25,21,23,94,23,22,24,21,90,treat1,#N/A,#N/A,#N/A,#N/A,#N/A,#N/A,#N/A,#N/A,#N/A,#N/A,#N/A,#N/A,#N/A,#N/A,#N/A,#N/A,#N/A,#N/A,#N/A,#N/A,#N/A,#N/A,#N/A,#N/A,#N/A,2,1,2,2,2,2,2,2,2,2,2,3,3,2,2,2,2,3,2,2,2
nv86,24.5,23.5,24,23,95,18,20.5,21,19,78.5,treat3,1,#N/A,0,15,3,3,3,3,3,3,3,3,3,3,3,2,,2,2,2,2,2,2,2,2,2,1,1,3,2,2,2,3,1,2,2,2,2,2,2,3,2,1,1,2,2
gmv34,22,25,25,25,97,17,20,20,20,77,#N/A,#N/A,1,#N/A,#N/A,#N/A,#N/A,#N/A,#N/A,#N/A,#N/A,#N/A,#N/A,#N/A,#N/A,#N/A,#N/A,#N/A,#N/A,#N/A,#N/A,#N/A,#N/A,#N/A,#N/A,#N/A,#N/A,#N/A,#N/A,#N/A,#N/A,#N/A,#N/A,#N/A,#N/A,#N/A,#N/A,#N/A,#N/A,#N/A,#N/A,#N/A,#N/A,#N/A,#N/A,#N/A,#N/A
srv25,19.5,22,19,25,85.5,16,16.5,17,18,67.5,treat2,#N/A,#N/A,#N/A,#N/A,#N/A,#N/A,#N/A,#N/A,#N/A,#N/A,#N/A,#N/A,#N/A,#N/A,#N/A,#N/A,#N/A,#N/A,#N/A,#N/A,#N/A,#N/A,#N/A,#N/A,#N/A,3,2,2,2,2,1,2,2,1,1,1,1,1,1,1,2,1,1,2,3,1
kiw9,25,23,20,25,93,25,25,25,24,99,#N/A,#N/A,#N/A,#N/A,#N/A,#N/A,#N/A,#N/A,#N/A,#N/A,#N/A,#N/A,#N/A,#N/A,#N/A,#N/A,#N/A,#N/A,#N/A,#N/A,#N/A,#N/A,#N/A,#N/A,#N/A,#N/A,#N/A,#N/A,#N/A,#N/A,#N/A,#N/A,#N/A,#N/A,#N/A,#N/A,#N/A,#N/A,#N/A,#N/A,#N/A,#N/A,#N/A,#N/A,#N/A,#N/A,#N/A
pmw86,21,25,21,25,92,22,25,25,25,97,#N/A,#N/A,#N/A,#N/A,#N/A,#N/A,#N/A,#N/A,#N/A,#N/A,#N/A,#N/A,#N/A,#N/A,#N/A,#N/A,#N/A,#N/A,#N/A,#N/A,#N/A,#N/A,#N/A,#N/A,#N/A,#N/A,#N/A,#N/A,#N/A,#N/A,#N/A,#N/A,#N/A,#N/A,#N/A,#N/A,#N/A,#N/A,#N/A,#N/A,#N/A,#N/A,#N/A,#N/A,#N/A,#N/A,#N/A
aaw83,24,22.5,18,23,87.5,21,23.5,23,22,89.5,#N/A,#N/A,#N/A,#N/A,#N/A,#N/A,#N/A,#N/A,#N/A,#N/A,#N/A,#N/A,#N/A,#N/A,#N/A,#N/A,#N/A,#N/A,#N/A,#N/A,#N/A,#N/A,#N/A,#N/A,#N/A,#N/A,#N/A,#N/A,#N/A,#N/A,#N/A,#N/A,#N/A,#N/A,#N/A,#N/A,#N/A,#N/A,#N/A,#N/A,#N/A,#N/A,#N/A,#N/A,#N/A,#N/A,#N/A
miw34,21.5,25,22,22,90.5,22,23,23,25,93,#N/A,#N/A,#N/A,#N/A,#N/A,#N/A,#N/A,#N/A,#N/A,#N/A,#N/A,#N/A,#N/A,#N/A,#N/A,#N/A,#N/A,#N/A,#N/A,#N/A,#N/A,#N/A,#N/A,#N/A,#N/A,#N/A,#N/A,#N/A,#N/A,#N/A,#N/A,#N/A,#N/A,#N/A,#N/A,#N/A,#N/A,#N/A,#N/A,#N/A,#N/A,#N/A,#N/A,#N/A,#N/A,#N/A,#N/A
diw29,21,25,24,25,95,19,17,22,22,80,treat1,1,#N/A,2,13,2,2,2,3,1,2,2,2,2,3,2,3,4,4,3,3,2,3,2,2,2,2,1,3,3,1,2,2,1,2,2,2,3,3,2,2,3,2,3,2,3,2
jjw272,18,17.5,19,23,77.5,17,14,20,12,63,#N/A,#N/A,#N/A,#N/A,#N/A,#N/A,#N/A,#N/A,#N/A,#N/A,#N/A,#N/A,#N/A,#N/A,#N/A,#N/A,#N/A,#N/A,#N/A,#N/A,#N/A,#N/A,#N/A,#N/A,#N/A,#N/A,#N/A,#N/A,#N/A,#N/A,#N/A,#N/A,#N/A,#N/A,#N/A,#N/A,#N/A,#N/A,#N/A,#N/A,#N/A,#N/A,#N/A,#N/A,#N/A,#N/A,#N/A
mjw358,19,19.5,22,21,81.5,17.5,23,23,21,84.5,treat3,1,#N/A,0,13,1,2,2,1,2,2,2,2,2,2,2,1,2,2,2,2,2,3,2,2,2,2,2,2,1,1,2,2,3,2,1,2,2,2,2,2,2,2,2,2,2,2
jmw556,21.5,24,25,24,94.5,21,11,21,21,74,treat2,#N/A,#N/A,#N/A,#N/A,#N/A,#N/A,#N/A,#N/A,#N/A,#N/A,#N/A,#N/A,#N/A,#N/A,#N/A,#N/A,#N/A,#N/A,#N/A,#N/A,#N/A,#N/A,#N/A,#N/A,#N/A,2,3,2,2,2,2,2,1,1,1,2,1,1,1,2,1,2,2,2,2,1
cmw283,18.5,22.5,20,19,80,13,13.5,17,13,56.5,#N/A,#N/A,#N/A,#N/A,#N/A,#N/A,#N/A,#N/A,#N/A,#N/A,#N/A,#N/A,#N/A,#N/A,#N/A,#N/A,#N/A,#N/A,#N/A,#N/A,#N/A,#N/A,#N/A,#N/A,#N/A,#N/A,#N/A,#N/A,#N/A,#N/A,#N/A,#N/A,#N/A,#N/A,#N/A,#N/A,#N/A,#N/A,#N/A,#N/A,#N/A,#N/A,#N/A,#N/A,#N/A,#N/A,#N/A
dw476,25,23.5,25,25,98.5,23,25,24,25,97,#N/A,#N/A,#N/A,#N/A,#N/A,#N/A,#N/A,#N/A,#N/A,#N/A,#N/A,#N/A,#N/A,#N/A,#N/A,#N/A,#N/A,#N/A,#N/A,#N/A,#N/A,#N/A,#N/A,#N/A,#N/A,#N/A,#N/A,#N/A,#N/A,#N/A,#N/A,#N/A,#N/A,#N/A,#N/A,#N/A,#N/A,#N/A,#N/A,#N/A,#N/A,#N/A,#N/A,#N/A,#N/A,#N/A,#N/A
caw338,24.5,25,20,25,94.5,24,24.5,25,25,98.5,#N/A,#N/A,#N/A,#N/A,#N/A,#N/A,#N/A,#N/A,#N/A,#N/A,#N/A,#N/A,#N/A,#N/A,#N/A,#N/A,#N/A,#N/A,#N/A,#N/A,#N/A,#N/A,#N/A,#N/A,#N/A,#N/A,#N/A,#N/A,#N/A,#N/A,#N/A,#N/A,#N/A,#N/A,#N/A,#N/A,#N/A,#N/A,#N/A,#N/A,#N/A,#N/A,#N/A,#N/A,#N/A,#N/A,#N/A
dw562,25,25,25,25,100,25,25,25,25,100,treat3,1,#N/A,0,14,1,2,1,2,1,2,1,2,1,1,1,1,1,1,1,1,1,1,1,1,1,1,1,2,1,1,1,1,2,2,1,1,1,1,2,1,2,2,1,2,2,1
ajx9,25,24.5,23,25,97.5,24,25,23,25,97,treat1,1,#N/A,3,14,2,1,3,3,1,2,2,2,1,3,1,2,3,2,3,2,3,3,2,1,1,2,1,1,2,2,3,1,2,2,2,2,2,2,1,2,1,2,2,2,2,1
zx35,25,24.5,25,25,99.5,25,24.5,25,25,99.5,#N/A,#N/A,1,#N/A,#N/A,#N/A,#N/A,#N/A,#N/A,#N/A,#N/A,#N/A,#N/A,#N/A,#N/A,#N/A,#N/A,#N/A,#N/A,#N/A,#N/A,#N/A,#N/A,#N/A,#N/A,#N/A,#N/A,#N/A,#N/A,#N/A,#N/A,#N/A,#N/A,#N/A,#N/A,#N/A,#N/A,#N/A,#N/A,#N/A,#N/A,#N/A,#N/A,#N/A,#N/A,#N/A,#N/A
lpy5,20.5,25,23,23,91.5,20,18.5,24,14,76.5,#N/A,#N/A,#N/A,#N/A,#N/A,#N/A,#N/A,#N/A,#N/A,#N/A,#N/A,#N/A,#N/A,#N/A,#N/A,#N/A,#N/A,#N/A,#N/A,#N/A,#N/A,#N/A,#N/A,#N/A,#N/A,#N/A,#N/A,#N/A,#N/A,#N/A,#N/A,#N/A,#N/A,#N/A,#N/A,#N/A,#N/A,#N/A,#N/A,#N/A,#N/A,#N/A,#N/A,#N/A,#N/A,#N/A,#N/A
ty282,23.5,25,17,4,69.5,16,19,21,23,79,treat1,#N/A,1,#N/A,#N/A,#N/A,#N/A,#N/A,#N/A,#N/A,#N/A,#N/A,#N/A,#N/A,#N/A,#N/A,#N/A,#N/A,#N/A,#N/A,#N/A,#N/A,#N/A,#N/A,#N/A,#N/A,2,1,2,2,1,2,2,1,1,2,1,2,1,1,3,3,4,3,2,2,2
cdy22,5,8.5,12,13,38.5,4,15,12,0,31,#N/A,#N/A,#N/A,#N/A,#N/A,#N/A,#N/A,#N/A,#N/A,#N/A,#N/A,#N/A,#N/A,#N/A,#N/A,#N/A,#N/A,#N/A,#N/A,#N/A,#N/A,#N/A,#N/A,#N/A,#N/A,#N/A,#N/A,#N/A,#N/A,#N/A,#N/A,#N/A,#N/A,#N/A,#N/A,#N/A,#N/A,#N/A,#N/A,#N/A,#N/A,#N/A,#N/A,#N/A,#N/A,#N/A,#N/A
ey255,24,24,23,25,96,22.5,21.5,23,23,90,treat1,#N/A,#N/A,#N/A,#N/A,#N/A,#N/A,#N/A,#N/A,#N/A,#N/A,#N/A,#N/A,#N/A,#N/A,#N/A,#N/A,#N/A,#N/A,#N/A,#N/A,#N/A,#N/A,#N/A,#N/A,#N/A,2,2,2,2,2,2,2,2,2,2,2,2,2,2,2,2,2,2,2,2,2
jey36,25,25,25,25,100,25,25,24,24,98,treat1,1,#N/A,2,13,2,2,2,3,2,2,2,2,1,2,3,3,3,3,3,1,2,2,1,1,1,2,2,3,2,1,2,2,2,2,3,3,3,2,2,2,2,2,3,1,2,1
qy228,25,23.5,25,25,98.5,23.5,24,22,25,94.5,treat1,1,#N/A,2,14,2,2,3,2,1,2,2,2,1,2,1,2,1,2,2,1,3,2,1,2,1,2,2,3,2,1,2,2,2,2,2,2,3,1,2,1,2,2,2,2,3,1
nz223,24,24,25,25,98,24,22,23,24,93,treat1,1,#N/A,2,13,2,3,2,2,2,3,3,3,1,2,2,3,3,2,2,2,2,1,2,2,1,2,3,4,2,2,2,2,2,2,3,2,2,3,3,2,2,2,2,2,2,1
nnz2,22.5,25,21,25,93.5,18,25,22,23,88,treat3,1,#N/A,5,13,1,1,3,4,1,1,1,2,1,1,1,1,1,1,1,1,1,1,1,1,1,2,3,4,4,2,2,2,2,2,2,1,2,1,2,2,2,2,2,2,2,2
jz486,20.5,24,21,24,89.5,20,22.5,22,25,89.5,treat2,1,#N/A,#N/A,#N/A,#N/A,#N/A,#N/A,#N/A,#N/A,#N/A,#N/A,#N/A,#N/A,#N/A,#N/A,#N/A,#N/A,#N/A,#N/A,#N/A,#N/A,#N/A,#N/A,#N/A,#N/A,3,2,2,3,2,2,2,2,2,3,3,3,3,2,2,3,2,2,2,3,2
lz533,19.5,23.5,22,21.5,86.5,23,21.5,23,19,86.5,#N/A,#N/A,#N/A,#N/A,#N/A,#N/A,#N/A,#N/A,#N/A,#N/A,#N/A,#N/A,#N/A,#N/A,#N/A,#N/A,#N/A,#N/A,#N/A,#N/A,#N/A,#N/A,#N/A,#N/A,#N/A,#N/A,#N/A,#N/A,#N/A,#N/A,#N/A,#N/A,#N/A,#N/A,#N/A,#N/A,#N/A,#N/A,#N/A,#N/A,#N/A,#N/A,#N/A,#N/A,#N/A,#N/A,#N/A
kz88,25,23.5,21,24,93.5,24,22,24,23,93,treat1,1,#N/A,2,13,2,2,2,4,2,1,2,2,1,4,4,4,4,2,2,1,3,1,1,1,1,2,1,4,4,2,1,2,1,1,4,2,2,2,1,2,2,2,1,2,2,2
tz272,24.5,25,25,25,99.5,24,23,25,25,97,treat3,1,#N/A,#N/A,#N/A,#N/A,#N/A,#N/A,#N/A,#N/A,#N/A,#N/A,#N/A,#N/A,#N/A,#N/A,#N/A,#N/A,#N/A,#N/A,#N/A,#N/A,#N/A,#N/A,#N/A,#N/A,1,2,2,1,2,2,2,3,1,3,3,3,3,3,2,2,3,2,3,3,2
tz348,22.5,23,18,25,88.5,23.5,24.5,23,24,95,#N/A,#N/A,1,#N/A,#N/A,#N/A,#N/A,#N/A,#N/A,#N/A,#N/A,#N/A,#N/A,#N/A,#N/A,#N/A,#N/A,#N/A,#N/A,#N/A,#N/A,#N/A,#N/A,#N/A,#N/A,#N/A,#N/A,#N/A,#N/A,#N/A,#N/A,#N/A,#N/A,#N/A,#N/A,#N/A,#N/A,#N/A,#N/A,#N/A,#N/A,#N/A,#N/A,#N/A,#N/A,#N/A,#N/A
wz294,22.5,21.5,17,25,86,21,16.5,22,22,81.5,#N/A,#N/A,#N/A,#N/A,#N/A,#N/A,#N/A,#N/A,#N/A,#N/A,#N/A,#N/A,#N/A,#N/A,#N/A,#N/A,#N/A,#N/A,#N/A,#N/A,#N/A,#N/A,#N/A,#N/A,#N/A,#N/A,#N/A,#N/A,#N/A,#N/A,#N/A,#N/A,#N/A,#N/A,#N/A,#N/A,#N/A,#N/A,#N/A,#N/A,#N/A,#N/A,#N/A,#N/A,#N/A,#N/A,#N/A
kz225,23.5,23.5,19,25,91,25,25,22,24,96,treat1,1,#N/A,2,13,2,2,3,2,2,2,2,3,2,2,2,2,2,2,2,2,2,2,2,2,2,2,2,2,2,2,2,2,3,2,2,3,2,3,2,2,2,2,2,2,2,2
dz282,21.5,23.5,25,24.5,94.5,20,22,23,23,88,#N/A,#N/A,#N/A,#N/A,#N/A,#N/A,#N/A,#N/A,#N/A,#N/A,#N/A,#N/A,#N/A,#N/A,#N/A,#N/A,#N/A,#N/A,#N/A,#N/A,#N/A,#N/A,#N/A,#N/A,#N/A,#N/A,#N/A,#N/A,#N/A,#N/A,#N/A,#N/A,#N/A,#N/A,#N/A,#N/A,#N/A,#N/A,#N/A,#N/A,#N/A,#N/A,#N/A,#N/A,#N/A,#N/A,#N/A
yz395,23.5,24,24,24,95.5,16,16.5,20,20,72.5,#N/A,#N/A,#N/A,#N/A,#N/A,#N/A,#N/A,#N/A,#N/A,#N/A,#N/A,#N/A,#N/A,#N/A,#N/A,#N/A,#N/A,#N/A,#N/A,#N/A,#N/A,#N/A,#N/A,#N/A,#N/A,#N/A,#N/A,#N/A,#N/A,#N/A,#N/A,#N/A,#N/A,#N/A,#N/A,#N/A,#N/A,#N/A,#N/A,#N/A,#N/A,#N/A,#N/A,#N/A,#N/A,#N/A,#N/A
jmz68,25,25,25,25,100,19,23,24,23,89,#N/A,#N/A,#N/A,#N/A,#N/A,#N/A,#N/A,#N/A,#N/A,#N/A,#N/A,#N/A,#N/A,#N/A,#N/A,#N/A,#N/A,#N/A,#N/A,#N/A,#N/A,#N/A,#N/A,#N/A,#N/A,#N/A,#N/A,#N/A,#N/A,#N/A,#N/A,#N/A,#N/A,#N/A,#N/A,#N/A,#N/A,#N/A,#N/A,#N/A,#N/A,#N/A,#N/A,#N/A,#N/A,#N/A,#N/A
