StartDate,EndDate,Status,IPAddress,Progress,Duration (in seconds),Finished,RecordedDate,ResponseId,RecipientLastName,RecipientFirstName,RecipientEmail,ExternalReference,LocationLatitude,LocationLongitude,DistributionChannel,UserLanguage,Q40,Q1,Q2,Q3,Q4,Q5,Q36,Q38,Q39,Q12,Q13,Q14,Q15,Q16,Q17,Q18,Q19,Q21,Q22,Q24,Q25,Q26,Q27,Q28,Q29,Q31,Q34,Q35,Q36,Q37,Q38,Q39
Start Date,End Date,Response Type,IP Address,Progress,Duration (in seconds),Finished,Recorded Date,Response ID,Recipient Last Name,Recipient First Name,Recipient Email,External Data Reference,Location Latitude,Location Longitude,Distribution Channel,User Language,My NetID is,To which gender identity do you most identify?,How many students you know in this course?,How many students you know in this discussion section?,"Among these students you know in this course, how many peers you would like to contact in the future?",About how often do you use Instagram?,How satisfied are you with your current working environment?,How satisfied are you with your current workplace?,How satisfied are you with your current workstation?,"If other people don’t seem to accept
me, I don’t let it bother me.","I try hard not to do things that will
make other people avoid reject me.","I seldom worry about whether other
people care about me.","I need to feel that there are
people I can turn to in times of need.",I want other people to accept me.,I do not like being alone.,"Being apart from my friends for long
periods of time does not bother me.","I have a strong “need to
belong.”","It bothers me a great deal when
I am not included in other people’s plans.","My feelings are easily hurt
when I feel that others do not accept me.","Collaborative learning experience in an online
environment is better than a face to face environment.","I felt part of a learning community
in this course.","I actively exchanged my ideas with
peers.","I was able to develop new skills and
knowledge from other members in this course.","Collaborative learning in this course
was effective.","Collaborative learning is
time-consuming.","Overall, I am satisfied with
collaborative learning experience.","I benefited from the learning activities in this
course.",This course fulfilled my expectations.,I would recommend this course to others.,I learned new things in this course.,The content of this course was not interesting.,I wish more classes were like this course.
"{""ImportId"":""startDate"",""timeZone"":""America/Denver""}","{""ImportId"":""endDate"",""timeZone"":""America/Denver""}","{""ImportId"":""status""}","{""ImportId"":""ipAddress""}","{""ImportId"":""progress""}","{""ImportId"":""duration""}","{""ImportId"":""finished""}","{""ImportId"":""recordedDate"",""timeZone"":""America/Denver""}","{""ImportId"":""_recordId""}","{""ImportId"":""recipientLastName""}","{""ImportId"":""recipientFirstName""}","{""ImportId"":""recipientEmail""}","{""ImportId"":""externalDataReference""}","{""ImportId"":""locationLatitude""}","{""ImportId"":""locationLongitude""}","{""ImportId"":""distributionChannel""}","{""ImportId"":""userLanguage""}","{""ImportId"":""QID44_TEXT""}","{""ImportId"":""QID1""}","{""ImportId"":""QID2_TEXT""}","{""ImportId"":""QID3_TEXT""}","{""ImportId"":""QID4_TEXT""}","{""ImportId"":""QID5""}","{""ImportId"":""QID40""}","{""ImportId"":""QID42""}","{""ImportId"":""QID43""}","{""ImportId"":""QID12""}","{""ImportId"":""QID13""}","{""ImportId"":""QID14""}","{""ImportId"":""QID15""}","{""ImportId"":""QID16""}","{""ImportId"":""QID17""}","{""ImportId"":""QID18""}","{""ImportId"":""QID19""}","{""ImportId"":""QID21""}","{""ImportId"":""QID22""}","{""ImportId"":""QID24""}","{""ImportId"":""QID25""}","{""ImportId"":""QID26""}","{""ImportId"":""QID27""}","{""ImportId"":""QID28""}","{""ImportId"":""QID29""}","{""ImportId"":""QID31""}","{""ImportId"":""QID34""}","{""ImportId"":""QID35""}","{""ImportId"":""QID36""}","{""ImportId"":""QID37""}","{""ImportId"":""QID38""}","{""ImportId"":""QID39""}"
9/9/2020 5:33,9/9/2020 6:10,0,*******,100,2216,1,9/9/2020 6:10,R_RQ7WA8wS1svGsvv,*******,*******,*******,*******,*******,*******,email,EN,xs248,2,0,0,0,3,20,27,25,14,14,15,12,12,15,11,14,13,13,17,11,12,12,12,12,12,11,12,11,12,15,11
9/9/2020 6:25,9/9/2020 6:28,0,*******,100,147,1,9/9/2020 6:28,R_2X6fxJBm2ffM1F8,*******,*******,*******,*******,*******,*******,email,EN,Ark285@cornell.edu,2,2,0,5,1,18,24,23,13,13,13,11,11,13,12,13,12,12,17,11,11,13,12,11,11,12,11,12,13,12,11
9/9/2020 6:27,9/9/2020 6:33,0,*******,100,363,1,9/9/2020 6:33,R_1Nf8aFXUmEmyY4E,*******,*******,*******,*******,*******,*******,email,EN,zg66,2,1,0,2,4,20,25,24,14,14,14,11,11,14,12,14,11,14,17,14,14,12,14,14,13,13,12,11,13,14,13
9/9/2020 8:21,9/9/2020 9:28,0,*******,100,3999,1,9/9/2020 9:28,R_2zZ6CJYW5wuS3ft,*******,*******,*******,*******,*******,*******,email,EN,jcl353,2,2,0,A substantial amount,2,19,26,26,16,14,14,11,12,14,13,12,13,12,16,12,12,12,14,12,12,12,11,11,12,14,12
9/9/2020 11:27,9/9/2020 11:36,0,*******,100,587,1,9/9/2020 11:36,R_23sYEKvOgzNfq3n,*******,*******,*******,*******,*******,*******,email,EN,pim6,2,1,0,1,2,19,25,24,17,13,16,11,11,11,15,11,11,11,17,14,14,14,14,13,14,14,12,11,12,15,12
9/9/2020 19:56,9/9/2020 19:59,0,*******,100,169,1,9/9/2020 19:59,R_1errQQWQ7YJfGZ4,*******,*******,*******,*******,*******,*******,email,EN,tjn46,1,4,0,0,1,19,25,24,16,15,16,12,12,12,14,12,12,14,17,14,12,14,14,14,14,13,13,13,14,13,13
9/9/2020 21:02,9/10/2020 6:23,0,*******,100,33666,1,9/10/2020 6:23,R_2SBNbV50wl2zfrC,*******,*******,*******,*******,*******,*******,email,EN,srv25,2,4,,,1,19,25,24,15,15,15,13,13,13,13,13,13,13,15,13,13,13,13,13,13,12,12,13,13,13,13
9/9/2020 19:11,9/10/2020 10:42,0,*******,100,55884,1,9/10/2020 10:42,R_31HP3Szf8KaYQbE,*******,*******,*******,*******,*******,*******,email,EN,egc58,2,2,0,2,1,19,25,24,14,14,16,11,11,12,14,12,12,12,15,12,12,12,12,12,12,12,12,11,13,14,12
9/10/2020 14:03,9/10/2020 14:07,0,*******,100,243,1,9/10/2020 14:07,R_2R3dpLNXArU7lQp,*******,*******,*******,*******,*******,*******,email,EN,njw47,1,5,0,4,5,19,25,24,14,15,14,11,11,13,13,13,12,14,17,14,12,12,12,12,12,12,13,13,13,12,13
9/9/2020 9:10,9/10/2020 18:37,0,*******,100,120426,1,9/10/2020 18:37,R_31o0Pxtx6wE7Od5,*******,*******,*******,*******,*******,*******,email,EN,aia39,2,1,0,N/A,1,19,25,24,16,14,16,11,12,12,12,12,12,13,17,13,12,13,13,12,14,11,12,13,13,12,12
9/10/2020 18:35,9/10/2020 18:40,0,*******,100,309,1,9/10/2020 18:40,R_1hGWzd38WUyDuax,*******,*******,*******,*******,*******,*******,email,EN,pjk247,1,0,0,,2,18,24,23,14,15,16,11,13,14,15,13,14,14,17,14,15,15,14,14,14,14,13,12,12,15,13
9/10/2020 19:45,9/10/2020 20:00,0,*******,100,896,1,9/10/2020 20:00,R_UzNI0NCDc6pYgUN,*******,*******,*******,*******,*******,*******,email,EN,kr444,2,1,0,,1,19,25,25,17,14,16,11,12,11,15,12,12,14,15,13,13,13,13,12,13,12,13,12,12,14,13
9/9/2020 23:52,9/11/2020 7:42,0,*******,100,114596,1,9/11/2020 7:42,R_3noxHm9B6B6brD6,*******,*******,*******,*******,*******,*******,email,EN,tag225,2,2,0,1,1,19,25,24,16,15,16,13,12,14,12,13,13,11,17,13,13,13,13,11,13,13,13,13,14,13,13
9/7/2020 8:56,9/7/2020 12:21,0,*******,78,12316,0,9/14/2020 12:22,R_OvPZRFrzZbGvG7f,*******,*******,*******,*******,*******,*******,email,EN,,1,3,2,1,2,,,,,,,,,,,,,,,,,,,,,,,,,,
9/9/2020 4:07,9/9/2020 4:11,0,*******,97,225,0,9/23/2020 4:12,R_7OqG5ok0kOZGS9H,*******,*******,*******,*******,*******,*******,email,EN,gg373,2,1,None,1,2,19,25,24,14,15,15,12,13,12,14,14,14,14,16,12,14,12,13,12,12,12,12,12,13,14,12
9/9/2020 4:28,9/9/2020 4:33,0,*******,97,330,0,9/23/2020 4:33,R_1oF6jERYowAoA2z,*******,*******,*******,*******,*******,*******,email,EN,zx35,2,Little,0,Most,3,20,25,24,14,14,14,11,12,12,13,12,13,13,16,13,12,12,12,14,12,12,12,12,13,14,12
9/9/2020 4:26,9/9/2020 4:34,0,*******,97,497,0,9/23/2020 4:34,R_1MLkGdLYlDrBU1J,*******,*******,*******,*******,*******,*******,email,EN,hl2238,2,2,1,all,3,19,26,24,14,14,16,11,12,11,14,12,13,12,13,12,13,12,13,12,12,12,12,12,12,15,12
9/9/2020 4:35,9/9/2020 4:38,0,*******,97,212,0,9/23/2020 4:38,R_2foCodXPQEd8pH2,*******,*******,*******,*******,*******,*******,email,EN,zi25,2,0,0,I would like to be in contact with most of them.,2,19,25,24,14,14,14,12,11,12,14,12,12,12,14,12,13,13,12,13,12,12,12,12,13,12,12
9/9/2020 4:37,9/9/2020 4:42,0,*******,97,293,0,9/23/2020 4:42,R_2VdwIhyO2owryDC,*******,*******,*******,*******,*******,*******,email,EN,vmc44,1,0,0,,1,19,25,23,13,14,14,11,11,13,11,12,14,14,17,13,14,13,14,15,14,13,12,12,12,14,13
9/9/2020 4:48,9/9/2020 4:53,0,*******,97,259,0,9/23/2020 4:53,R_2VxNfmvybqUdsHj,*******,*******,*******,*******,*******,*******,email,EN,nsr52,2,0,0,10,5,19,25,24,16,14,15,14,11,15,12,12,11,12,17,12,15,15,14,12,11,12,11,11,12,14,11
9/9/2020 4:50,9/9/2020 4:53,0,*******,97,151,0,9/23/2020 4:53,R_3h0mkRw5R27GTEM,*******,*******,*******,*******,*******,*******,email,EN,jj732,1,2,2,2,2,20,26,25,15,15,15,13,13,13,13,13,13,13,15,13,13,13,13,13,13,13,13,13,14,13,13
9/9/2020 4:59,9/9/2020 5:01,0,*******,97,176,0,9/23/2020 5:02,R_ueP6kUq0hr1MdfH,*******,*******,*******,*******,*******,*******,email,EN,ds799,2,3,0,1,1,21,27,26,16,16,14,12,11,11,11,12,12,12,14,13,12,13,13,13,13,12,11,11,12,15,11
9/9/2020 5:23,9/9/2020 5:29,0,*******,97,347,0,9/23/2020 5:30,R_339bsRonPSFq2y1,*******,*******,*******,*******,*******,*******,email,EN,enk29,2,0,0,N/A,3,19,25,24,17,15,14,11,11,12,15,11,12,12,16,13,13,13,13,12,13,13,12,12,13,14,13
9/9/2020 5:32,9/9/2020 5:36,0,*******,97,208,0,9/23/2020 5:37,R_2WU5AVSLUqRgQn3,*******,*******,*******,*******,*******,*******,email,EN,omb8,2,0,0,0,1,19,25,23,14,14,15,12,12,11,15,13,12,13,17,13,13,13,12,14,12,13,13,13,13,14,12
9/9/2020 5:38,9/9/2020 5:43,0,*******,97,306,0,9/23/2020 5:43,R_3O6s7GhFdA3PmaQ,*******,*******,*******,*******,*******,*******,email,EN,lz533,1,0,0,0,5,19,25,23,13,15,13,15,13,15,11,15,14,15,16,13,13,13,13,11,13,12,11,11,12,15,13
9/9/2020 5:53,9/9/2020 5:57,0,*******,97,256,0,9/23/2020 5:57,R_1hMsd0BbAYLzz8W,*******,*******,*******,*******,*******,*******,email,EN,clk226 ,2,0,0,N/A,1,19,25,24,16,14,14,12,12,14,11,14,14,14,17,14,13,13,13,12,12,12,12,11,12,15,11
9/9/2020 5:56,9/9/2020 5:57,0,*******,97,73,0,9/23/2020 5:58,R_3D0fMuXVpMlWX7Q,*******,*******,*******,*******,*******,*******,email,EN,jl3544,1,none,none,none,2,18,24,23,13,13,13,11,13,11,11,11,13,13,15,13,13,13,13,13,13,13,13,13,14,13,13
9/9/2020 5:11,9/9/2020 5:59,0,*******,97,2867,0,9/23/2020 5:59,R_1CdKuLaGiDToQrK,*******,*******,*******,*******,*******,*******,email,EN,alh297,2,0,0,5,1,19,26,26,14,14,16,12,13,13,12,13,14,12,16,13,14,14,13,14,11,11,12,11,12,15,12
9/9/2020 5:37,9/9/2020 5:59,0,*******,97,1318,0,9/23/2020 6:00,R_2BhCQBXNaqeYYr9,*******,*******,*******,*******,*******,*******,email,EN,mab635,2,0,0,0,3,19,25,24,16,14,16,11,12,11,12,14,12,12,15,14,15,14,14,12,13,12,12,11,12,15,12
9/9/2020 5:54,9/9/2020 6:04,0,*******,97,610,0,9/23/2020 6:04,R_2uQIgYb6l8uKtqC,*******,*******,*******,*******,*******,*******,email,EN,rl542,2,0,0,N/A,1,18,24,23,15,14,16,13,12,14,12,12,12,14,15,12,14,12,12,13,12,12,12,12,12,15,12
9/9/2020 6:05,9/9/2020 6:12,0,*******,97,450,0,9/23/2020 6:12,R_3qpoUyYZjsEqPc7,*******,*******,*******,*******,*******,*******,email,EN,msa226,1,1,0,2,3,19,25,24,14,15,15,12,12,11,14,13,12,13,14,14,14,14,13,12,13,13,14,13,15,12,13
9/9/2020 6:09,9/9/2020 6:12,0,*******,97,231,0,9/23/2020 6:13,R_2pJiG61eYZhmJa0,*******,*******,*******,*******,*******,*******,email,EN, crh227,2,0,0,0,1,18,24,23,15,15,16,12,14,13,12,13,12,13,15,12,14,14,14,12,13,12,11,11,12,15,12
9/9/2020 6:07,9/9/2020 6:17,0,*******,16,581,0,9/23/2020 6:17,R_3iUwJ5XIU40YPzj,*******,*******,*******,*******,*******,*******,email,EN,ey255,2,3,0,3-Feb,1,20,25,24,,,,,,,,,,,,,,,,,,,,,,,
9/9/2020 6:27,9/9/2020 6:27,0,*******,79,27,0,9/23/2020 6:27,R_3nAyEdvVhQpmk3p,*******,*******,*******,*******,*******,*******,email,EN,,,,,,,,,,,,,,,,,,,,,,,,,,,,,,,,
9/9/2020 6:10,9/9/2020 6:27,0,*******,97,1055,0,9/23/2020 6:27,R_O71fBE4L1UNDpPr,*******,*******,*******,*******,*******,*******,email,EN,sm2259,2,2,0,3,2,18,24,23,14,15,14,11,12,15,14,12,14,14,17,13,12,13,14,11,14,12,12,12,13,14,13
9/9/2020 6:24,9/9/2020 6:29,0,*******,97,321,0,9/23/2020 6:29,R_3NRiQ0XYoZyMwc5,*******,*******,*******,*******,*******,*******,email,EN,vk262,1,0,0,,3,19,25,24,14,14,16,12,12,13,12,14,12,12,16,13,13,14,13,14,12,13,13,12,12,14,11
9/9/2020 6:33,9/9/2020 6:40,0,*******,97,440,0,9/23/2020 6:41,R_2saludrqKW3rahb,*******,*******,*******,*******,*******,*******,email,EN,ta279,1,5,0,1,3,20,26,25,16,15,14,12,12,14,13,12,12,12,16,13,13,13,13,13,13,12,11,11,12,14,12
9/9/2020 6:45,9/9/2020 6:51,0,*******,97,323,0,9/23/2020 6:51,R_5pYEqoOQZLf8nkJ,*******,*******,*******,*******,*******,*******,email,EN,Esv28 ,2,3,1,3,5,19,25,24,17,13,15,11,11,12,15,11,12,12,17,14,14,13,13,12,13,13,12,12,13,14,13
9/9/2020 6:49,9/9/2020 6:52,0,*******,97,172,0,9/23/2020 6:52,R_1Ec8QUcF9O2Cods,*******,*******,*******,*******,*******,*******,email,EN,ath84,2,0,0,n/a,1,21,27,26,14,15,15,11,12,13,14,12,12,13,16,14,13,13,13,13,13,13,12,12,13,13,13
9/9/2020 6:52,9/9/2020 6:54,0,*******,97,126,0,9/23/2020 6:55,R_1OHyRjJtAdOIyaQ,*******,*******,*******,*******,*******,*******,email,EN,sc2538,2,1,0,1,3,19,25,24,16,14,16,11,12,12,14,12,12,12,17,12,12,12,12,12,12,12,12,12,13,14,12
9/9/2020 6:01,9/9/2020 6:55,0,*******,26,3232,0,9/23/2020 6:56,R_3gNMjPpetkuPomR,*******,*******,*******,*******,*******,*******,email,EN,smc479,2,0,0,0,1,19,25,24,,,,,,,,,,,,,,,,,,,,,,,
9/9/2020 6:55,9/9/2020 6:59,0,*******,97,239,0,9/23/2020 6:59,R_1FaBuSLzw6Dv6cV,*******,*******,*******,*******,*******,*******,email,EN,nz223,2,0,0,N/A,1,21,27,24,14,14,13,12,12,14,12,12,12,12,16,13,15,14,13,12,13,13,12,11,12,14,11
9/9/2020 6:58,9/9/2020 6:59,0,*******,26,70,0,9/23/2020 7:00,R_1jE9Iy2O9JZM8O7,*******,*******,*******,*******,*******,*******,email,EN,krh57,1,4,,1,1,19,25,26,,,,,,,,,,,,,,,,,,,,,,,
9/9/2020 6:56,9/9/2020 7:03,0,*******,97,423,0,9/23/2020 7:03,R_2wNwBNQwIDCWyHK,*******,*******,*******,*******,*******,*******,email,EN,omm26,2,3,0,3,2,20,25,26,16,14,16,11,11,12,14,12,12,13,17,13,12,12,13,14,12,12,12,12,13,12,13
9/9/2020 6:58,9/9/2020 7:03,0,*******,97,298,0,9/23/2020 7:04,R_x3e8S7Dxk9Z4u7T,*******,*******,*******,*******,*******,*******,email,EN,mar493,1,3,0,3,2,21,27,24,14,14,16,11,11,12,14,11,12,12,17,13,13,13,13,13,13,13,13,13,14,13,13
9/9/2020 6:58,9/9/2020 7:03,0,*******,97,295,0,9/23/2020 7:04,R_2diQ8N6G1IqD1fi,*******,*******,*******,*******,*******,*******,email,EN,dar347,1,,,,1,18,24,24,14,16,13,12,11,14,14,14,14,13,17,13,15,13,13,13,12,12,12,11,12,15,11
9/9/2020 6:48,9/9/2020 7:03,0,*******,97,900,0,9/23/2020 7:04,R_UQN958uL6clFuPn,*******,*******,*******,*******,*******,*******,email,EN,sjl365,2,0,0,0,2,20,26,25,13,16,16,12,12,12,11,12,14,13,16,15,14,12,13,13,13,13,12,12,12,14,13
9/9/2020 7:05,9/9/2020 7:11,0,*******,97,356,0,9/23/2020 7:11,R_PBxiHN83j7kd54J,*******,*******,*******,*******,*******,*******,email,EN,pip5,2,2,1,2,1,19,25,24,16,14,14,12,12,13,12,12,12,12,15,12,13,13,12,12,12,12,12,12,13,14,12
9/9/2020 7:06,9/9/2020 7:11,0,*******,97,298,0,9/23/2020 7:12,R_2E0FcDXniVWzxAA,*******,*******,*******,*******,*******,*******,email,EN,sep234,2,2,1,2,1,19,24,23,13,14,13,11,12,12,14,12,12,12,16,12,13,13,13,13,13,11,11,11,12,15,11
9/9/2020 7:08,9/9/2020 7:12,0,*******,97,238,0,9/23/2020 7:12,R_OedwNXtDkuiGxqh,*******,*******,*******,*******,*******,*******,email,EN,dsk253,2,1,0,10+,2,19,27,26,14,14,14,11,12,14,12,13,14,14,16,12,13,12,13,14,13,12,11,11,12,15,11
9/9/2020 7:11,9/9/2020 7:15,0,*******,97,261,0,9/23/2020 7:15,R_27p1CVW3VBQOXyG,*******,*******,*******,*******,*******,*******,email,EN,xc246,2,3,1,3,4,19,25,26,16,16,16,11,12,12,14,12,12,12,16,12,11,12,12,13,12,11,11,11,12,15,11
9/9/2020 7:15,9/9/2020 7:18,0,*******,97,154,0,9/23/2020 7:18,R_3oBedR66QVUjpIB,*******,*******,*******,*******,*******,*******,email,EN,diw29,1,3,0,2,1,20,26,25,16,14,15,12,11,13,12,12,12,13,15,14,13,13,13,13,13,13,13,13,14,13,13
9/9/2020 7:16,9/9/2020 7:19,0,*******,97,171,0,9/23/2020 7:19,R_OPzz1BxxA0HhXod,*******,*******,*******,*******,*******,*******,email,EN,,1,4,1,3,1,19,24,24,14,15,15,12,12,14,14,14,15,14,17,14,12,13,13,12,12,12,12,12,12,14,12
9/9/2020 7:20,9/9/2020 7:23,0,*******,97,218,0,9/23/2020 7:24,R_1myLe0QpMhm6gQl,*******,*******,*******,*******,*******,*******,email,EN,mj398,2,2,1,0,2,19,25,24,17,13,16,11,11,12,15,11,12,11,17,13,11,13,13,12,12,12,12,11,12,15,12
9/9/2020 7:34,9/9/2020 7:38,0,*******,97,288,0,9/23/2020 7:39,R_3iKeJHkJifbxGfW,*******,*******,*******,*******,*******,*******,email,EN,mpk83,2,0,0,,1,22,28,27,15,16,14,11,11,12,13,12,11,12,17,14,15,15,15,14,13,13,13,12,13,14,12
9/9/2020 6:28,9/9/2020 7:38,0,*******,97,4234,0,9/23/2020 7:39,R_3m9kwpm5k75paK9,*******,*******,*******,*******,*******,*******,email,EN,wf226,2,1,Not sure,1,5,19,25,24,16,16,16,13,12,14,12,13,13,12,16,12,13,12,13,12,13,13,13,13,12,15,13
9/9/2020 7:38,9/9/2020 7:40,0,*******,26,96,0,9/23/2020 7:40,R_81ytMtNJE7EzJzX,*******,*******,*******,*******,*******,*******,email,EN,sf449,2,1,0,1,1,19,25,24,,,,,,,,,,,,,,,,,,,,,,,
9/9/2020 7:47,9/9/2020 7:50,0,*******,97,128,0,9/23/2020 7:52,R_paDxjCjIF9nhb57,*******,*******,*******,*******,*******,*******,email,EN,av435,2,2,0,2,1,18,25,24,16,14,16,12,12,14,11,12,11,14,16,12,14,14,13,12,13,13,12,12,13,14,12
9/9/2020 7:43,9/9/2020 7:51,0,*******,97,491,0,9/23/2020 7:52,R_3qBw0lOiQVCYhs1,*******,*******,*******,*******,*******,*******,email,EN,db632,1,0,0,"I don't know anybody in this course, but I hope to make some contacts",1,20,25,25,15,15,14,11,11,11,14,13,11,12,13,12,12,13,13,13,12,13,12,11,12,14,12
9/9/2020 7:49,9/9/2020 7:55,0,*******,97,317,0,9/23/2020 7:58,R_r731hvzAThxYQQV,*******,*******,*******,*******,*******,*******,email,EN,miw34,2,1,1,1,1,21,25,26,14,14,15,11,11,12,14,13,13,12,17,12,12,12,12,13,12,12,11,11,12,15,11
9/9/2020 7:52,9/9/2020 8:00,0,*******,97,451,0,9/23/2020 8:00,R_1lc4JcWU1TeLDdc,*******,*******,*******,*******,*******,*******,email,EN,sdb246,1,0,0,,1,19,25,24,16,14,17,12,11,11,15,11,11,12,17,13,14,14,13,12,13,12,12,12,12,14,12
9/9/2020 7:52,9/9/2020 8:01,0,*******,97,536,0,9/23/2020 8:01,R_2DYM0BDpa71qMky,*******,*******,*******,*******,*******,*******,email,EN,srh233,2,Six,I am not sure who is in my discussion section. ,Six ,1,19,25,24,16,14,16,12,11,12,15,12,11,12,16,12,11,13,13,11,12,12,12,11,12,14,12
9/9/2020 7:59,9/9/2020 8:01,0,*******,97,118,0,9/23/2020 8:02,R_AAiZGv0UqoBRznH,*******,*******,*******,*******,*******,*******,email,EN,jac734,2,1,0,1,1,19,25,24,16,14,16,11,12,15,13,13,13,12,16,13,12,12,12,12,12,12,12,12,13,15,13
9/9/2020 7:57,9/9/2020 8:01,0,*******,97,252,0,9/23/2020 8:02,R_0dNnrTaodi6WdvH,*******,*******,*******,*******,*******,*******,email,EN,jz486,1,7,I don't know yet,7,2,20,26,25,14,15,14,13,13,15,12,14,14,14,14,12,13,12,12,13,12,12,12,12,13,14,13
9/9/2020 8:03,9/9/2020 8:07,0,*******,97,253,0,9/23/2020 8:08,R_2Yz8TiitRsUJUDK,*******,*******,*******,*******,*******,*******,email,EN,bmm97,1,1,0,1,1,18,24,23,15,14,14,12,12,12,13,12,12,13,14,13,12,13,13,13,13,13,12,13,14,12,13
9/9/2020 8:08,9/9/2020 8:11,0,*******,97,171,0,9/23/2020 8:11,R_A1ldYBmCB4DumR3,*******,*******,*******,*******,*******,*******,email,EN,dj295,1,1,0,TBA,1,20,27,25,15,14,14,12,12,11,14,12,12,12,15,13,13,13,13,12,13,13,12,12,13,14,13
9/9/2020 7:49,9/9/2020 8:12,0,*******,97,1365,0,9/23/2020 8:12,R_1cSoFYbuwMdvTBS,*******,*******,*******,*******,*******,*******,email,EN,srv25,2,0,0,,1,19,25,24,15,14,15,11,11,12,14,11,12,12,15,12,14,13,,,,13,12,12,13,14,12
9/9/2020 8:09,9/9/2020 8:12,0,*******,97,203,0,9/23/2020 8:13,R_1Q9nJsaAaMXjwdm,*******,*******,*******,*******,*******,*******,email,EN,an646,2,0,0,I am a transfer and have no friends or known peers,1,19,25,24,14,15,16,14,11,11,15,12,12,12,17,13,13,13,13,13,13,13,12,12,13,12,14
9/9/2020 8:10,9/9/2020 8:16,0,*******,97,350,0,9/23/2020 8:16,R_1Nw4S4wkcvRlsPt,*******,*******,*******,*******,*******,*******,email,EN,rb635,1,3 students ,unsure,all of them,2,19,25,23,16,14,16,11,11,12,15,11,12,12,16,13,13,13,13,12,13,13,13,13,13,13,13
9/9/2020 7:59,9/9/2020 8:16,0,*******,97,1032,0,9/23/2020 8:16,R_1rdZEDD2PHHWyMd,*******,*******,*******,*******,*******,*******,email,EN,sdc79,1,0,0,"0 as of now, but I'm open to meeting new people",5,21,27,26,16,14,16,12,12,14,12,14,12,12,17,12,14,14,12,14,12,12,12,11,12,15,12
9/9/2020 7:38,9/9/2020 8:18,0,*******,97,2410,0,9/23/2020 8:18,R_5cgoZY5YcXq9qtb,*******,*******,*******,*******,*******,*******,email,EN,daf273,2,2,i dont know,2,1,19,25,26,14,16,15,11,13,11,12,14,11,15,16,14,14,14,12,13,13,13,13,13,13,12,13
9/9/2020 8:19,9/9/2020 8:22,0,*******,97,231,0,9/23/2020 8:22,R_2XbbqbKAIDwsqsS,*******,*******,*******,*******,*******,*******,email,EN,adh238,1,0,0,,4,20,25,24,14,14,16,13,12,14,14,14,14,15,17,14,15,14,13,13,13,13,13,12,12,14,13
9/9/2020 8:22,9/9/2020 8:26,0,*******,97,253,0,9/23/2020 8:26,R_VU6w8NSibg9Be0h,*******,*******,*******,*******,*******,*******,email,EN,isd9,2,1,0,1,3,19,25,24,14,14,16,11,12,11,14,12,12,12,17,14,12,13,13,12,14,13,13,12,13,14,13
9/9/2020 8:24,9/9/2020 8:27,0,*******,97,138,0,9/23/2020 8:27,R_2TGiBoctVtXMwta,*******,*******,*******,*******,*******,*******,email,EN,dw476,1,2,1,All,2,20,26,25,14,14,13,12,12,12,14,11,14,12,16,12,11,12,12,12,12,12,12,12,12,13,12
9/9/2020 8:23,9/9/2020 8:27,0,*******,97,263,0,9/23/2020 8:27,R_3nMBaWKKKiUIJst,*******,*******,*******,*******,*******,*******,email,EN,asc327,2,3,0,3,3,20,25,23,16,14,16,12,12,13,14,13,12,12,14,13,12,13,13,12,11,12,12,12,12,14,12
9/9/2020 8:23,9/9/2020 8:28,0,*******,97,312,0,9/23/2020 8:28,R_2D2e86kXDGb3hfN,*******,*******,*******,*******,*******,*******,email,EN,lnf25,2,1,,,1,19,25,24,13,16,16,11,12,14,13,13,12,14,16,13,12,12,12,12,12,12,12,12,13,14,13
9/9/2020 8:31,9/9/2020 8:36,0,*******,97,292,0,9/23/2020 8:36,R_VVcwYWWGWAYL0FX,*******,*******,*******,*******,*******,*******,email,EN,bwd46,1,2,0,Both ,1,20,27,24,14,14,14,11,11,12,15,12,13,12,17,12,12,12,12,12,13,13,13,12,14,14,13
9/9/2020 8:26,9/9/2020 8:36,0,*******,97,628,0,9/23/2020 8:36,R_2DY3fYdO3LWwx2u,*******,*******,*******,*******,*******,*******,email,EN,ts658,2,None,None,N/A,2,19,25,24,14,14,14,13,13,11,12,13,14,11,17,14,14,13,13,13,13,13,13,12,12,14,13
9/9/2020 8:38,9/9/2020 8:43,0,*******,97,285,0,9/23/2020 8:43,R_1g1K1BV0IrifyJ9,*******,*******,*******,*******,*******,*******,email,EN,jag526,1,~4,I don't know who is in this discussion section,All of them,1,19,25,24,16,13,16,12,12,12,13,14,12,12,16,12,12,12,12,13,12,12,12,11,12,15,12
9/9/2020 8:34,9/9/2020 8:44,0,*******,97,603,0,9/23/2020 8:44,R_3fAWkhsNsAXNZa6,*******,*******,*******,*******,*******,*******,email,EN,ys742,1,6,0,6,1,19,25,24,14,15,13,12,12,12,14,11,13,15,16,12,11,12,11,13,12,11,11,11,13,14,12
9/9/2020 8:19,9/9/2020 8:44,0,*******,97,1507,0,9/23/2020 8:44,R_1NbvYIcA2wlnJ5o,*******,*******,*******,*******,*******,*******,email,EN,mes427,1,0,0,"none so far, but perhaps a few as a I get to know more people",2,19,25,24,15,13,17,12,12,13,13,12,13,12,16,13,13,13,13,12,12,12,12,12,12,15,13
9/9/2020 8:38,9/9/2020 8:49,0,*******,97,607,0,9/23/2020 8:49,R_3D132t8XrgqQPx0,*******,*******,*******,*******,*******,*******,email,EN,ab2695,1,3,1,0,5,19,25,23,14,15,14,11,12,13,12,13,12,14,17,14,14,14,13,12,13,13,13,12,13,14,12
9/9/2020 9:09,9/9/2020 9:12,0,*******,97,199,0,9/23/2020 9:12,R_3FLLuHoZddBb4hL,*******,*******,*******,*******,*******,*******,email,EN,cem362,2,0,0,0,1,19,25,23,14,14,17,11,11,12,15,11,11,11,17,14,14,12,12,12,12,12,12,12,12,11,11
9/9/2020 9:07,9/9/2020 9:13,0,*******,97,320,0,9/23/2020 9:13,R_3O0P1P4fRwb3OTI,*******,*******,*******,*******,*******,*******,email,EN,sml348,2,1,0,1,1,19,25,23,16,14,17,11,11,12,15,12,11,12,17,13,11,12,13,13,13,12,13,12,13,15,12
9/9/2020 8:07,9/9/2020 9:14,0,*******,97,3973,0,9/23/2020 9:14,R_10oTnE5G3Hmtf1z,*******,*******,*******,*******,*******,*******,email,EN,ekg42,2,none,none,N/A,1,19,25,25,17,16,17,12,11,13,12,12,14,12,16,13,13,11,13,14,13,13,12,11,12,15,12
9/9/2020 8:25,9/9/2020 9:14,0,*******,97,2886,0,9/23/2020 9:14,R_1Q3qdt1IvmEsmZq,*******,*******,*******,*******,*******,*******,email,EN,mc2497,1,2,0,2,2,18,24,23,14,14,13,12,12,14,14,12,12,15,14,12,,14,12,12,12,12,12,12,13,14,13
9/9/2020 9:11,9/9/2020 9:15,0,*******,97,200,0,9/23/2020 9:15,R_3PgFxAhG2lt5QS9,*******,*******,*******,*******,*******,*******,email,EN,hgb29,2,4,0,1,2,19,25,24,14,14,16,11,12,12,14,12,14,14,17,13,14,14,12,12,14,12,12,11,12,15,11
9/9/2020 9:10,9/9/2020 9:16,0,*******,97,326,0,9/23/2020 9:16,R_2cCW06PTuVZwgHz,*******,*******,*******,*******,*******,*******,email,EN,Mkc228,2,0,0,N/A,1,19,25,25,16,14,14,12,12,14,14,14,14,14,17,13,14,14,13,12,13,13,11,12,12,12,12
9/9/2020 9:13,9/9/2020 9:16,0,*******,97,148,0,9/23/2020 9:16,R_3nI6TFU36CFF45Y,*******,*******,*******,*******,*******,*******,email,EN,mch259,2,1,0,0,1,21,27,26,14,14,16,12,12,14,14,12,12,12,16,13,12,12,12,12,12,13,13,12,13,14,12
9/9/2020 9:12,9/9/2020 9:16,0,*******,97,232,0,9/23/2020 9:17,R_1DBaScUKuxhpCdU,*******,*******,*******,*******,*******,*******,email,EN,ams672,2,4,1,1,1,18,24,24,16,14,14,11,12,13,14,14,12,13,13,12,12,12,12,12,12,13,12,11,12,15,12
9/9/2020 9:10,9/9/2020 9:16,0,*******,97,375,0,9/23/2020 9:17,R_1CwtEcY8B9B8VLE,*******,*******,*******,*******,*******,*******,email,EN,mbs283,2,0,0,As many as I can ,1,19,25,24,13,14,15,12,12,12,14,13,12,13,15,12,13,13,12,13,12,12,12,12,12,15,13
9/9/2020 8:14,9/9/2020 9:16,0,*******,79,3746,0,9/23/2020 9:17,R_AMerc8C6rMmYDLP,*******,*******,*******,*******,*******,*******,email,EN,amb552,2,2,0,2,3,19,27,24,16,15,15,11,12,14,14,13,12,13,16,13,13,13,13,13,13,12,12,12,13,14,13
9/9/2020 9:12,9/9/2020 9:17,0,*******,97,275,0,9/23/2020 9:17,R_2eW1VYJqxo5ARzq,*******,*******,*******,*******,*******,*******,email,EN,sc2235,2,3,1,1,1,18,24,24,16,14,16,11,12,14,15,12,12,13,17,12,14,13,13,12,12,12,11,11,12,15,12
9/9/2020 6:38,9/9/2020 9:17,0,*******,97,9549,0,9/23/2020 9:18,R_2ALl0gxZy6NjDmf,*******,*******,*******,*******,*******,*******,email,EN,Apk75,2,0,0,0,2,19,25,24,16,14,16,11,12,12,14,11,12,12,14,12,13,13,13,14,13,13,12,12,13,14,12
9/9/2020 9:12,9/9/2020 9:19,0,*******,97,406,0,9/23/2020 9:19,R_2TFDqErWHl2O2Ad,*******,*******,*******,*******,*******,*******,email,EN,rm967,2,2,0,2,1,19,25,23,16,13,16,11,11,11,15,11,12,11,17,13,12,13,13,13,13,13,13,13,12,15,11
9/9/2020 9:14,9/9/2020 9:19,0,*******,97,298,0,9/23/2020 9:19,R_b9MCmRMYys3CzAJ,*******,*******,*******,*******,*******,*******,email,EN,cag282,2,one ,zero ,i would like to contact a lot but i dont know anyone ,2,20,25,24,16,15,13,11,11,11,14,12,12,12,16,11,12,12,12,12,12,11,11,11,12,15,11
9/9/2020 9:23,9/9/2020 9:29,0,*******,97,333,0,9/23/2020 9:29,R_25AfoomVlto9bLb,*******,*******,*******,*******,*******,*******,email,EN,ndl34,1,1,1,1,1,21,27,26,13,14,14,12,13,14,11,15,14,14,17,12,14,13,13,14,13,13,12,12,12,15,11
9/9/2020 7:53,9/9/2020 9:30,0,*******,79,5842,0,9/23/2020 9:30,R_1IzxvC9xsrBRMNf,*******,*******,*******,*******,*******,*******,email,EN,nvk6,2,2,0,0,4,19,24,24,14,14,16,11,12,14,12,13,12,14,15,12,14,12,12,13,12,12,11,11,12,15,12
9/9/2020 9:21,9/9/2020 9:31,0,*******,97,599,0,9/23/2020 9:31,R_21GjqWQPeLuDr47,*******,*******,*******,*******,*******,*******,email,EN,cms528,2,0,0,I don't know anyone yet,1,20,25,25,14,14,13,11,12,14,12,13,12,13,17,12,14,14,14,11,14,12,11,11,12,15,12
9/9/2020 9:20,9/9/2020 9:32,0,*******,97,711,0,9/23/2020 9:32,R_1pMBEwN7qjoOSLm,*******,*******,*******,*******,*******,*******,email,EN,ctc85,2,0,0,N/A,1,21,27,26,17,14,17,11,11,14,12,12,12,14,16,14,12,12,13,13,13,13,12,11,12,15,13
9/9/2020 9:29,9/9/2020 9:33,0,*******,97,275,0,9/23/2020 9:34,R_33sa1GNEA42T3IY,*******,*******,*******,*******,*******,*******,email,EN,wrh66,1,2,not sure,Not sure what this question is asking ,5,19,25,24,14,14,15,13,12,,,,13,13,16,13,14,13,13,13,13,13,12,12,14,13,13
9/9/2020 9:35,9/9/2020 9:39,0,*******,97,209,0,9/23/2020 9:39,R_CkmmEA1qlnl1tGF,*******,*******,*******,*******,*******,*******,email,EN,nmh67,2,0,0,N/A,4,18,24,23,14,14,16,11,12,14,12,14,14,12,16,12,13,13,13,12,12,13,13,12,13,14,13
9/9/2020 8:12,9/9/2020 9:54,0,*******,97,6102,0,9/23/2020 9:54,R_wLiNxmZnGauHljX,*******,*******,*******,*******,*******,*******,email,EN,asf223,1,4-Feb,0,N/A,5,19,26,25,13,16,13,15,14,14,11,15,13,15,17,12,13,11,13,12,13,11,11,11,12,15,11
9/9/2020 10:01,9/9/2020 10:07,0,*******,97,353,0,9/23/2020 10:07,R_OBwQ6DK9pIqeK9r,*******,*******,*******,*******,*******,*******,email,EN,Smm436,2,3,Not sure yet,2,1,19,25,26,16,14,14,11,11,13,13,11,12,13,17,11,12,11,12,12,11,12,13,11,12,14,12
9/9/2020 7:57,9/9/2020 10:28,0,*******,97,9074,0,9/23/2020 10:28,R_b4zgv4dqrxHi9ax,*******,*******,*******,*******,*******,*******,email,EN,nnz2,2,3,0,n/a,1,19,25,24,16,15,16,11,13,14,13,13,14,14,16,13,13,13,13,13,13,13,13,11,12,15,12
9/9/2020 10:25,9/9/2020 10:31,0,*******,97,344,0,9/23/2020 10:31,R_3pkZxtHZ7IITaNr,*******,*******,*******,*******,*******,*******,email,EN,ajr279,2,0,0,0,2,20,26,25,16,14,16,11,12,14,11,11,15,12,17,13,12,15,13,12,14,12,12,12,12,14,12
9/9/2020 10:35,9/9/2020 10:37,0,*******,97,95,0,9/23/2020 10:37,R_2VsUsdZ5X0BIoIk,*******,*******,*******,*******,*******,*******,email,EN,kmt225,2,1,0,1,3,19,25,24,14,14,14,11,11,12,14,13,12,12,15,12,12,12,12,12,12,12,12,12,13,14,12
9/9/2020 10:35,9/9/2020 10:43,0,*******,97,479,0,9/23/2020 10:43,R_1qVeR7cJEo3eiOA,*******,*******,*******,*******,*******,*******,email,EN,as3582,1,2,0,2,3,20,26,25,14,15,15,12,13,11,14,13,13,13,14,13,12,12,13,12,12,13,12,12,13,13,13
9/9/2020 10:40,9/9/2020 10:43,0,*******,97,202,0,9/23/2020 10:43,R_1diThxDRZCGfiJ6,*******,*******,*******,*******,*******,*******,email,EN,caw338 ,2,None ,None,,1,20,26,24,13,17,13,11,15,15,12,15,15,15,17,13,13,11,13,15,13,12,13,12,13,15,12
9/9/2020 10:45,9/9/2020 10:49,0,*******,97,232,0,9/23/2020 10:50,R_QoIqM2UziMpBjYR,*******,*******,*******,*******,*******,*******,email,EN,hr263,2,0,0,N/A,4,19,26,24,16,14,17,11,11,12,15,12,11,12,15,12,14,14,13,13,12,12,11,11,12,15,12
9/9/2020 11:29,9/9/2020 11:32,0,*******,97,196,0,9/23/2020 11:33,R_CglOMOrpRBS7Z4Z,*******,*******,*******,*******,*******,*******,email,EN,aaw83,2,0,0,,1,19,25,24,15,14,15,11,12,12,13,12,12,13,15,15,12,13,13,13,12,13,13,13,14,13,13
9/9/2020 11:44,9/9/2020 11:57,0,*******,97,808,0,9/23/2020 11:58,R_1poqIlndb70Zsa0,*******,*******,*******,*******,*******,*******,email,EN,asp262,2,Maybe 4?,,2,1,19,24,23,14,15,15,11,13,15,12,14,13,13,16,13,13,12,13,13,13,13,13,12,12,14,13
9/9/2020 12:23,9/9/2020 12:26,0,*******,97,176,0,9/23/2020 12:26,R_2dtdXGxJdTZpCgK,*******,*******,*******,*******,*******,*******,email,EN,ajx9,2,10,0,Mostly all of them,1,19,26,24,16,15,13,12,12,12,14,12,12,11,17,12,12,13,12,14,13,11,11,11,12,15,12
9/9/2020 12:23,9/9/2020 12:26,0,*******,97,183,0,9/23/2020 12:27,R_sqbEIsvHdamVgWd,*******,*******,*******,*******,*******,*******,email,EN,jch362,2,One,None,Not sure,1,21,26,26,14,14,13,11,12,12,14,13,12,13,16,13,13,12,12,12,12,13,12,12,13,14,12
9/9/2020 12:25,9/9/2020 12:27,0,*******,97,134,0,9/23/2020 12:27,R_2QRm88qcOGsC87K,*******,*******,*******,*******,*******,*******,email,EN,gp293,2,1,0,1,4,20,26,25,16,14,16,14,12,14,12,12,12,12,16,14,12,13,13,13,13,13,12,12,13,12,12
9/9/2020 12:29,9/9/2020 12:32,0,*******,97,178,0,9/23/2020 12:32,R_27ezz4gvmPpjqvc,*******,*******,*******,*******,*******,*******,email,EN,aso34,2,2,0,2,5,19,25,24,17,14,13,11,12,13,12,11,12,11,16,12,13,13,13,14,11,11,12,11,12,15,12
9/9/2020 12:40,9/9/2020 12:47,0,*******,97,420,0,9/23/2020 12:47,R_A0XTAp9yLGm5yBX,*******,*******,*******,*******,*******,*******,email,EN,kz225,2,1,0,1,2,19,25,24,16,15,14,11,11,11,14,12,12,12,16,13,13,13,13,13,12,12,12,12,13,14,12
9/9/2020 12:56,9/9/2020 13:04,0,*******,97,453,0,9/23/2020 13:04,R_3it06RSQETWMxgA,*******,*******,*******,*******,*******,*******,email,EN,ag2429,2,0,0,N/A,1,19,25,24,16,14,16,14,11,14,11,12,13,12,16,13,15,13,13,13,13,12,13,12,12,15,14
9/9/2020 8:19,9/9/2020 13:05,0,*******,97,17116,0,9/23/2020 13:05,R_1Ih3WHNX5aJOj9X,*******,*******,*******,*******,*******,*******,email,EN,lgl47,2,4,,,2,21,27,26,16,14,16,11,11,12,14,12,12,12,15,12,13,12,12,12,12,12,12,11,12,15,11
9/9/2020 13:13,9/9/2020 13:16,0,*******,97,176,0,9/23/2020 13:17,R_6EfKjzLKzU07keR,*******,*******,*******,*******,*******,*******,email,EN,5139591,2,None,None,None,2,18,24,23,14,14,16,12,11,12,13,12,12,12,14,12,13,13,13,13,13,12,12,12,13,13,11
9/9/2020 7:29,9/9/2020 13:22,0,*******,97,21183,0,9/23/2020 13:23,R_bHDOBOtzJYnxzOx,*******,*******,*******,*******,*******,*******,email,EN,jt826,2,1,0,1,1,20,26,25,16,14,16,12,12,13,14,12,12,12,15,13,13,13,13,13,13,13,13,13,14,13,13
9/9/2020 13:31,9/9/2020 13:37,0,*******,97,368,0,9/23/2020 13:38,R_2Eot72Tn5elWqp3,*******,*******,*******,*******,*******,*******,email,EN,mfd62,2,2,0,2,1,19,24,23,16,16,16,11,12,14,14,14,12,12,16,13,12,12,12,13,12,12,12,11,12,15,12
9/9/2020 13:42,9/9/2020 13:49,0,*******,97,374,0,9/23/2020 13:49,R_2aIAMX9bhlV7pWO,*******,*******,*******,*******,*******,*******,email,EN,smd357,2,2,0,2,2,19,25,24,14,14,15,11,12,14,14,12,14,12,17,12,13,14,14,14,13,13,13,12,12,15,13
9/9/2020 14:16,9/9/2020 14:20,0,*******,97,232,0,9/23/2020 14:20,R_3LbDx5mxWe2Lrrj,*******,*******,*******,*******,*******,*******,email,EN,Ebs98,2,2,0,Not sure,2,18,25,24,14,13,14,11,11,13,15,12,12,12,16,13,13,12,13,13,13,12,12,11,12,15,12
9/9/2020 14:09,9/9/2020 14:22,0,*******,97,773,0,9/23/2020 14:22,R_239TsEWReGYP9dX,*******,*******,*******,*******,*******,*******,email,EN,hrb53,2,1,none,1,1,19,25,24,16,13,15,12,12,13,14,12,13,14,16,13,14,14,14,12,13,12,13,12,13,14,12
9/9/2020 14:30,9/9/2020 14:32,0,*******,97,137,0,9/23/2020 14:32,R_2oEs5GI7moPDE7D,*******,*******,*******,*******,*******,*******,email,EN,gnp23,2,None ,None ,None,1,19,25,24,14,13,16,11,11,14,12,14,12,11,16,12,15,15,15,12,13,12,11,11,12,14,11
9/9/2020 14:20,9/9/2020 14:35,0,*******,79,933,0,9/23/2020 14:36,R_2cAFcH024J9VWEF,*******,*******,*******,*******,*******,*******,email,EN,al2476,2,1,1,As many as possible,3,18,24,23,16,13,17,11,11,12,14,12,12,11,17,11,13,12,13,14,12,11,11,11,12,15,11
9/9/2020 8:19,9/9/2020 14:37,0,*******,97,22690,0,9/23/2020 14:37,R_10MnsdaFG36GFao,*******,*******,*******,*******,*******,*******,email,EN,gg457,2,0,0,,5,20,26,24,16,14,16,12,12,13,13,13,13,13,16,13,12,12,13,13,13,12,13,13,13,14,12
9/9/2020 14:30,9/9/2020 14:37,0,*******,97,412,0,9/23/2020 14:37,R_2TSE2OJd5QsyiT4,*******,*******,*******,*******,*******,*******,email,EN,tjh237,1,Several,None,All of them,1,19,24,24,13,15,15,11,12,14,14,14,15,15,15,12,12,12,13,13,13,13,13,12,12,14,13
9/9/2020 7:02,9/9/2020 15:22,0,*******,97,29995,0,9/23/2020 15:22,R_3sdDEgm4wn9W8RQ,*******,*******,*******,*******,*******,*******,email,EN,ryk6,2,2,1,2,1,21,27,26,14,14,14,11,12,13,14,13,12,12,15,14,15,15,15,14,12,12,12,12,13,14,13
9/9/2020 15:54,9/9/2020 16:01,0,*******,97,407,0,9/23/2020 16:01,R_xo2ILcEW9qmONAB,*******,*******,*******,*******,*******,*******,email,EN,oci3,2,2,N/A,all the ones I know,4,20,26,25,15,15,15,11,13,13,13,15,15,14,17,13,13,13,13,13,13,13,13,11,12,14,13
9/9/2020 16:05,9/9/2020 16:07,0,*******,97,118,0,9/23/2020 16:08,R_pAkaEaQ60zcl3fb,*******,*******,*******,*******,*******,*******,email,EN,cso39,1,3,0,5,2,20,26,25,17,14,17,11,12,12,14,12,11,12,17,12,12,13,13,13,13,12,11,12,12,15,12
9/9/2020 16:18,9/9/2020 16:24,0,*******,97,345,0,9/23/2020 16:24,R_1LpxQCuXokPgXQ7,*******,*******,*******,*******,*******,*******,email,EN,es926,2,0,0,,1,19,25,24,16,14,13,12,11,14,12,12,12,11,17,12,,,,13,15,,,,,,
9/9/2020 16:20,9/9/2020 16:27,0,*******,97,450,0,9/23/2020 16:28,R_2eW0h43XTLtVZtb,*******,*******,*******,*******,*******,*******,email,EN,als546,2,2,0,2,2,21,27,24,14,16,13,11,12,13,15,13,14,15,14,13,12,13,14,14,13,13,12,12,12,15,12
9/9/2020 16:36,9/9/2020 16:41,0,*******,97,305,0,9/23/2020 16:42,R_O1MBVNkvMcPDB3H,*******,*******,*******,*******,*******,*******,email,EN,elf79,2,0,0,"I don't know any of them yet, so currently 0, but I would like that to change and to find 2-3 friends in class.",2,19,26,26,17,13,14,12,11,13,12,12,12,12,17,14,14,13,13,12,13,13,12,12,12,15,11
9/9/2020 12:04,9/9/2020 16:45,0,*******,79,16815,0,9/23/2020 16:45,R_9YPbKomppOfXqil,*******,*******,*******,*******,*******,*******,email,EN,nh337,2,3,0,3,1,19,25,24,14,13,17,11,12,12,14,12,12,12,15,13,13,13,13,12,12,,,,,,
9/9/2020 17:17,9/9/2020 17:24,0,*******,97,410,0,9/23/2020 17:24,R_24NSeHqdtGlH0PD,*******,*******,*******,*******,*******,*******,email,EN,mah456,1,3,0,3,2,19,25,24,14,16,14,15,13,14,15,14,15,15,17,14,12,13,13,12,13,13,13,13,14,13,13
9/9/2020 17:25,9/9/2020 17:34,0,*******,97,514,0,9/23/2020 17:34,R_1JLqKbbYXS18dIb,*******,*******,*******,*******,*******,*******,email,EN,map382,1,4,1,2,5,18,25,24,16,16,14,13,12,11,14,13,12,13,17,12,13,11,13,11,13,13,13,13,13,15,13
9/9/2020 15:09,9/9/2020 17:38,0,*******,97,8980,0,9/23/2020 17:39,R_DNpRO2XtVLjMUsV,*******,*******,*******,*******,*******,*******,email,EN,km658,1,5,I don't know who is in this discussion,Not sure,2,21,27,26,16,15,15,13,11,14,13,12,12,14,16,13,12,12,12,12,12,12,12,12,13,12,12
9/9/2020 18:08,9/9/2020 18:10,0,*******,97,137,0,9/23/2020 18:10,R_2pJEOidE7noaezu,*******,*******,*******,*******,*******,*******,email,EN,wtm54,1,0,0,n/a,2,19,25,24,16,14,16,11,11,13,12,12,13,12,16,13,14,13,13,12,12,12,12,11,12,15,11
9/9/2020 18:09,9/9/2020 18:16,0,*******,97,458,0,9/23/2020 18:17,R_3p3hqfFe4iEZ0GP,*******,*******,*******,*******,*******,*******,email,EN,jnu4,2,2,1,1,5,20,25,24,14,14,16,11,13,14,14,15,14,14,17,13,12,13,13,13,13,13,13,13,14,13,13
9/9/2020 18:07,9/9/2020 18:18,0,*******,97,657,0,9/23/2020 18:18,R_2SubHrLoPeBb29u,*******,*******,*******,*******,*******,*******,email,EN,ajt254,1,4,0,4,2,20,25,24,14,16,13,11,11,11,15,12,12,15,17,13,13,13,13,13,13,12,13,11,12,15,11
9/9/2020 18:30,9/9/2020 18:33,0,*******,97,184,0,9/23/2020 18:34,R_WB6Y6cWx0q6S4CZ,*******,*******,*******,*******,*******,*******,email,EN,mcb383,1,2,0,1,5,20,25,24,14,15,13,11,12,14,15,12,11,13,16,13,14,13,13,12,13,13,13,13,13,14,13
9/9/2020 18:35,9/9/2020 18:37,0,*******,97,159,0,9/23/2020 18:38,R_RtymmpxfFUMsD85,*******,*******,*******,*******,*******,*******,email,EN,tal83,1,1,0,1,1,20,25,23,16,13,17,11,11,12,15,11,12,11,17,12,14,11,13,13,12,13,13,12,13,15,12
9/9/2020 18:47,9/9/2020 18:50,0,*******,97,198,0,9/23/2020 18:50,R_1f8EiA16zQBcEwU,*******,*******,*******,*******,*******,*******,email,EN,sak299,1,1,0,1,5,21,26,24,16,15,14,12,12,11,14,12,12,12,17,13,14,12,13,12,13,12,11,12,12,14,13
9/9/2020 8:07,9/9/2020 19:04,0,*******,79,39434,0,9/23/2020 19:04,R_9RBshUfwk1gAdDb,*******,*******,*******,*******,*******,*******,email,EN,mc2238,1,4,3,3,1,18,24,23,16,15,16,11,11,11,14,12,13,14,14,12,13,13,13,12,12,,,,,,
9/9/2020 8:18,9/9/2020 19:39,0,*******,97,40860,0,9/23/2020 19:40,R_3NDlxP3P6zf9Bqr,*******,*******,*******,*******,*******,*******,email,EN,st896,2,1,0,1,1,20,27,26,14,15,16,12,12,14,14,13,12,12,15,12,12,13,12,12,12,12,12,11,13,14,12
9/9/2020 6:06,9/9/2020 19:47,0,*******,97,49268,0,9/23/2020 19:48,R_QiCNTVuHSjGhom5,*******,*******,*******,*******,*******,*******,email,EN,gta24,1,0,0,0,1,19,25,24,16,15,16,11,11,11,15,12,12,12,17,13,12,12,13,13,13,13,13,13,14,13,13
9/9/2020 19:59,9/9/2020 20:05,0,*******,97,307,0,9/23/2020 20:05,R_30oDuSywRnEhfMf,*******,*******,*******,*******,*******,*******,email,EN,tmg66,2,one,none,one,1,19,25,23,16,14,17,11,12,15,12,13,12,12,17,12,14,14,14,12,13,13,12,12,12,14,13
9/9/2020 19:30,9/9/2020 20:05,0,*******,97,2069,0,9/23/2020 20:05,R_2OYDKxlS7kcXfB2,*******,*******,*******,*******,*******,*******,email,EN,jhr249,1,2,0,1,1,18,24,24,14,13,14,11,13,14,11,13,14,14,17,13,13,13,13,14,13,12,12,12,13,14,12
9/9/2020 20:09,9/9/2020 20:13,0,*******,97,230,0,9/23/2020 20:13,R_21G0jPZbvVDxUW9,*******,*******,*******,*******,*******,*******,email,EN,srt86,1,1,0,all,1,21,27,26,14,15,16,11,11,13,14,13,14,14,17,13,13,13,13,12,11,13,13,13,14,13,13
9/9/2020 20:13,9/9/2020 20:16,0,*******,97,227,0,9/23/2020 20:17,R_3P6Lv16eAsnXYVa,*******,*******,*******,*******,*******,*******,email,EN,ms2637,2,3-Feb,1,2,1,19,25,26,15,14,15,11,11,12,14,12,12,12,15,13,13,13,13,14,12,13,12,12,12,15,12
9/9/2020 20:10,9/9/2020 20:17,0,*******,97,469,0,9/23/2020 20:17,R_d0c242rp4fxA2MV,*******,*******,*******,*******,*******,*******,email,EN,,2,None,None,I do not know any,2,19,27,24,17,13,16,11,11,11,15,12,11,12,17,13,13,13,13,11,13,13,12,11,12,14,13
9/9/2020 13:47,9/9/2020 20:18,0,*******,97,23412,0,9/23/2020 20:19,R_81fNAelDZB3nanv,*******,*******,*******,*******,*******,*******,email,EN,vml44,2,2,1,3,1,19,26,26,14,14,14,12,13,11,13,15,12,13,16,13,13,13,12,14,13,13,13,12,12,14,12
9/9/2020 20:16,9/9/2020 20:19,0,*******,97,231,0,9/23/2020 20:19,R_27wHAmJHDGp8CJY,*******,*******,*******,*******,*******,*******,email,EN,gma66,2,0,0,0,2,21,27,27,16,14,16,11,12,14,14,13,12,12,14,12,13,12,13,13,13,12,12,12,13,14,12
9/9/2020 21:33,9/9/2020 21:36,0,*******,97,211,0,9/23/2020 21:37,R_3fOY2VJUkt9E7qj,*******,*******,*******,*******,*******,*******,email,EN,nod6,1,none,none,n/a,1,21,27,26,16,13,14,12,12,11,15,12,11,12,14,14,12,14,12,14,12,12,14,12,15,12,14
9/9/2020 21:14,9/9/2020 21:18,0,*******,97,208,0,9/23/2020 21:38,R_2PkcocHiX8UCGWk,*******,*******,*******,*******,*******,*******,email,EN,slr234,2,0,0,0,1,19,25,24,16,14,17,11,11,12,12,13,12,12,14,12,12,12,13,15,12,13,11,11,12,15,11
9/9/2020 21:15,9/9/2020 21:24,0,*******,97,518,0,9/23/2020 21:50,R_2U4LjCseLvpC1iE,*******,*******,*******,*******,*******,*******,email,EN,jvl28,1,0,0,N/A,5,18,24,23,15,16,13,13,13,13,13,15,14,14,17,13,13,13,13,13,13,13,13,12,12,15,13
9/9/2020 22:05,9/9/2020 22:09,0,*******,97,217,0,9/23/2020 22:10,R_1hEdldRcxX9yPgL,*******,*******,*******,*******,*******,*******,email,EN,edk58,2,"6ish? Some of those not well, though. ",Not sure,2,2,21,27,26,15,14,15,14,12,14,12,13,12,12,17,13,12,13,13,12,12,12,12,11,12,15,12
9/10/2020 1:53,9/10/2020 2:00,0,*******,97,417,0,9/24/2020 2:01,R_p4cC7fz33v6rzVL,*******,*******,*******,*******,*******,*******,email,EN,ku39,1,1,0,1,4,18,24,23,13,17,14,11,12,12,14,11,15,15,15,13,13,13,13,13,13,13,13,13,14,13,13
9/9/2020 11:50,9/10/2020 5:57,0,*******,97,65197,0,9/24/2020 5:57,R_3memRPBvF34lUpA,*******,*******,*******,*******,*******,*******,email,EN,mmm472,2,3,0,3,4,19,25,24,16,14,16,11,11,11,15,11,11,11,17,14,14,12,14,13,14,14,12,12,13,14,12
9/10/2020 6:06,9/10/2020 6:09,0,*******,97,188,0,9/24/2020 6:09,R_2WAOs7Y6awiOd0w,*******,*******,*******,*******,*******,*******,email,EN,yc2385,2,1,0,2,1,19,25,25,16,14,16,12,12,14,14,12,12,12,14,14,12,12,12,12,12,12,12,12,13,14,14
9/10/2020 7:07,9/10/2020 7:10,0,*******,97,178,0,9/24/2020 7:11,R_2Pv4nspLhR4nYYI,*******,*******,*******,*******,*******,*******,email,EN,mb2569,2,0,0,N/A,1,19,25,24,16,14,16,11,11,14,14,11,12,12,16,13,13,13,13,14,12,13,13,13,12,14,13
9/10/2020 7:17,9/10/2020 7:20,0,*******,97,157,0,9/24/2020 7:20,R_2YwT1XzFKj6zZU1,*******,*******,*******,*******,*******,*******,email,EN,ag878,2,3,0,3,1,19,25,24,16,14,16,11,11,12,12,12,12,12,16,14,13,14,14,12,14,12,12,12,12,15,12
9/10/2020 7:49,9/10/2020 7:53,0,*******,97,239,0,9/24/2020 7:53,R_3s4cP0zq7o8Cuam,*******,*******,*******,*******,*******,*******,email,EN,jaw484,1,unsure,unsure,unsure,2,18,24,23,16,15,16,11,12,14,13,13,14,14,16,12,12,12,11,12,11,11,11,11,12,11,11
9/10/2020 8:01,9/10/2020 8:04,0,*******,97,193,0,9/24/2020 8:04,R_1fl4GCanB9OZlpq,*******,*******,*******,*******,*******,*******,email,EN,arf73,1,1,0,Not sure,1,19,25,24,14,14,14,13,12,12,15,12,11,12,16,13,14,13,13,12,13,13,13,13,14,13,13
9/9/2020 11:21,9/10/2020 8:27,0,*******,97,75960,0,9/24/2020 8:27,R_3kMylNqhIQVF1Zp,*******,*******,*******,*******,*******,*******,email,EN,aed229,2,1,0,1,4,20,26,24,14,15,15,12,12,12,15,12,12,13,16,12,12,12,12,12,12,12,12,12,12,15,12
9/10/2020 8:24,9/10/2020 8:27,0,*******,97,233,0,9/24/2020 8:28,R_O0YfcUXChf4m4yR,*******,*******,*******,*******,*******,*******,email,EN,Ime26,1,One,None,All,1,19,25,26,16,15,14,12,12,13,14,12,13,13,16,12,11,12,12,14,12,12,12,11,12,15,13
9/10/2020 8:29,9/10/2020 8:34,0,*******,97,316,0,9/24/2020 8:34,R_2uw84zZXHShPpSS,*******,*******,*******,*******,*******,*******,email,EN,ad676,2,0,0,As many as I can,1,22,28,27,13,14,15,11,12,13,11,12,14,14,16,13,13,14,14,11,13,12,12,11,12,14,13
9/10/2020 8:43,9/10/2020 8:48,0,*******,97,309,0,9/24/2020 8:49,R_2PzBWxAYvtOE5Bo,*******,*******,*******,*******,*******,*******,email,EN,aa747,2,2,0,all,1,19,25,23,16,14,16,11,13,12,14,14,12,12,16,12,12,12,12,14,12,12,12,12,13,15,11
9/10/2020 8:46,9/10/2020 8:49,0,*******,79,160,0,9/24/2020 8:49,R_3PmJ0f3gxVLVWii,*******,*******,*******,*******,*******,*******,email,EN,tdg47,1,4,2,3,1,21,26,26,16,14,16,11,11,14,13,13,12,14,17,14,14,12,13,13,12,,,,,,
9/9/2020 12:11,9/10/2020 8:55,0,*******,97,74652,0,9/24/2020 8:56,R_1MTafJpbyKmhZRn,*******,*******,*******,*******,*******,*******,email,EN,kmr225,1,1,0,1,2,19,25,24,15,14,16,12,12,14,14,12,12,12,16,14,12,12,12,13,12,12,12,12,12,14,12
9/10/2020 8:55,9/10/2020 8:59,0,*******,97,246,0,9/24/2020 8:59,R_2t4eHJ4hmK9y1AG,*******,*******,*******,*******,*******,*******,email,EN,hbs57,1,1,0,0,1,19,25,24,16,14,17,11,12,12,14,13,12,14,17,14,13,14,13,12,13,13,13,12,12,15,13
9/9/2020 5:55,9/10/2020 9:07,0,*******,97,97908,0,9/24/2020 9:07,R_s7qwKHTjw03Ek6Z,*******,*******,*******,*******,*******,*******,email,EN,edk55,2,5,,2,4,19,25,24,15,14,16,14,11,12,12,12,11,11,17,13,13,13,13,13,13,12,11,11,12,15,11
9/10/2020 9:15,9/10/2020 9:18,0,*******,97,176,0,9/24/2020 9:18,R_2QgIDrPUyyIbMUP,*******,*******,*******,*******,*******,*******,email,EN,po92,2,2,0,2,2,19,25,24,15,14,15,11,12,12,15,13,12,12,17,11,12,11,12,12,12,11,11,11,12,15,11
9/10/2020 9:18,9/10/2020 9:20,0,*******,97,152,0,9/24/2020 9:21,R_9ZI8PNeCexwUoLf,*******,*******,*******,*******,*******,*******,email,EN,cmc526,2,0,0,N/A,2,20,27,26,16,15,13,12,11,11,12,12,12,12,15,13,14,13,13,12,13,13,14,12,14,12,13
9/10/2020 9:16,9/10/2020 9:28,0,*******,97,768,0,9/24/2020 9:28,R_1QacqiJzkgfXa0o,*******,*******,*******,*******,*******,*******,email,EN,jar589,2,4,0,3,2,19,25,24,14,16,16,12,12,14,15,12,12,12,17,12,12,12,12,12,12,11,12,12,12,15,12
9/9/2020 7:21,9/10/2020 9:33,0,*******,97,94344,0,9/24/2020 9:33,R_CfwaZaIrVMUAHDP,*******,*******,*******,*******,*******,*******,email,EN,kz88,1,2,0,"all of them, this is a great class",3,21,27,26,14,15,16,12,12,11,15,12,12,12,17,13,12,11,11,12,13,12,11,11,12,15,11
9/10/2020 9:34,9/10/2020 9:36,0,*******,97,133,0,9/24/2020 9:36,R_1pnXqU3BtAhvU97,*******,*******,*******,*******,*******,*******,email,EN,mjn97,1,2,0,1,1,19,25,24,16,14,16,12,12,13,14,13,13,12,16,12,13,12,12,12,12,12,,,12,14,13
9/9/2020 7:09,9/10/2020 10:02,0,*******,97,96740,0,9/24/2020 10:02,R_1mIq8Wsv5Pd0nWU,*******,*******,*******,*******,*******,*******,email,EN,oet4,2,1,0,,2,19,25,24,16,14,16,12,12,12,14,12,13,12,17,15,14,14,13,12,13,12,13,12,12,15,12
9/10/2020 9:55,9/10/2020 10:25,0,*******,16,1800,0,9/24/2020 10:25,R_10HFaQHxQgop9KL,*******,*******,*******,*******,*******,*******,email,EN,ZQ47,2,0,0,12,1,,,,,,,,,,,,,,,,,,,,,,,,,,
9/10/2020 10:24,9/10/2020 10:32,0,*******,97,427,0,9/24/2020 10:32,R_1onCZZVsI6AIre9,*******,*******,*******,*******,*******,*******,email,EN,dv234,2,None,None,N/A,1,20,26,25,15,17,15,11,13,14,14,15,14,14,17,13,14,13,13,13,14,13,13,12,13,13,13
9/10/2020 10:36,9/10/2020 10:38,0,*******,97,166,0,9/24/2020 10:38,R_3iQrnAgk2FFKRKT,*******,*******,*******,*******,*******,*******,email,EN,nv86,2,0,0,1,1,19,25,25,16,14,14,12,11,13,12,12,11,12,16,13,13,13,13,13,12,12,12,12,12,14,13
9/9/2020 8:57,9/10/2020 10:44,0,*******,97,92816,0,9/24/2020 10:45,R_e8MuL8e5ArPDvIR,*******,*******,*******,*******,*******,*******,email,EN,kl532,2,0,0,,1,21,27,26,14,15,16,12,12,12,14,11,12,12,16,12,12,12,12,12,12,12,12,12,13,12,12
9/10/2020 10:46,9/10/2020 10:51,0,*******,97,305,0,9/24/2020 10:51,R_2Sk8sFo2SnZ7npd,*******,*******,*******,*******,*******,*******,email,EN,haf52,1,0,0,N/A,1,19,26,25,13,16,15,14,12,14,12,15,12,14,16,13,14,13,13,13,13,13,13,13,13,12,13
9/9/2020 4:25,9/10/2020 11:03,0,*******,97,110256,0,9/24/2020 11:03,R_3RyJCvdmqKVx0xu,*******,*******,*******,*******,*******,*******,email,EN,qy228,2,2,0,2,4,19,25,23,14,15,13,11,15,15,14,14,14,15,15,12,14,12,13,13,12,12,12,11,12,15,13
9/10/2020 11:02,9/10/2020 11:04,0,*******,97,121,0,9/24/2020 11:04,R_1Lv7wKvsGCE13aw,*******,*******,*******,*******,*******,*******,email,EN,hnk6,2,2,2,2,1,19,25,24,16,14,16,12,12,12,13,13,13,12,14,13,13,13,14,12,14,14,12,13,14,13,13
9/9/2020 9:07,9/10/2020 11:10,0,*******,79,93731,0,9/24/2020 11:10,R_3qNLil6IuK2SSNA,*******,*******,*******,*******,*******,*******,email,EN,dbf73,2,0,0,0,1,19,25,24,14,15,15,12,12,11,14,14,12,13,16,13,13,14,13,14,11,12,13,13,13,15,12
9/10/2020 11:27,9/10/2020 11:32,0,*******,97,324,0,9/24/2020 11:32,R_3ps69pwqiAWqvmn,*******,*******,*******,*******,*******,*******,email,EN,anc74,2,1,0,1,3,18,24,24,17,13,17,11,11,12,15,11,12,11,16,12,12,11,12,13,11,11,11,11,12,15,11
9/10/2020 11:38,9/10/2020 11:43,0,*******,97,263,0,9/24/2020 11:43,R_xzURjuMXgBaC8RH,*******,*******,*******,*******,*******,*******,email,EN,emc294,2,1,0,1,1,18,24,23,14,17,16,12,12,13,15,12,14,14,16,13,13,13,12,12,12,12,13,12,13,15,12
9/10/2020 11:35,9/10/2020 11:43,0,*******,97,471,0,9/24/2020 11:43,R_1lxD1gTtjCgiXmj,*******,*******,*******,*******,*******,*******,email,EN,tt479,2,0,0,,3,19,27,23,16,14,16,11,11,15,11,11,12,12,15,14,14,15,13,13,13,13,12,12,12,15,13
9/9/2020 7:23,9/10/2020 12:05,0,*******,97,103314,0,9/24/2020 12:06,R_Y48RpQowvXpebfz,*******,*******,*******,*******,*******,*******,email,EN,hdj24,2,around 10,0 so far,all of them since they're in my major,1,18,24,23,14,15,14,11,12,14,13,13,12,14,15,12,13,13,13,13,13,13,13,13,14,13,13
9/10/2020 12:09,9/10/2020 12:13,0,*******,97,205,0,9/24/2020 12:13,R_VJAPM9s3KjNCcYV,*******,*******,*******,*******,*******,*******,email,EN,jll334,2,1,0,0,2,19,26,26,16,16,14,14,12,13,12,14,12,14,16,14,14,13,13,13,13,13,13,13,13,14,13
9/10/2020 12:12,9/10/2020 12:15,0,*******,97,175,0,9/24/2020 12:15,R_qUiHHNbng9vmDtL,*******,*******,*******,*******,*******,*******,email,EN,tl688,1,4,2,4,2,20,26,25,16,14,14,12,12,12,12,13,12,12,17,13,13,13,13,13,13,13,13,13,14,14,13
9/10/2020 12:15,9/10/2020 12:25,0,*******,97,614,0,9/24/2020 12:26,R_3PLGZOS3j5hgW6P,*******,*******,*******,*******,*******,*******,email,EN,gyt5,2,2,0,0,2,19,25,24,16,13,17,11,11,11,15,11,12,12,16,12,12,12,12,12,12,12,12,14,15,14,14
9/10/2020 12:37,9/10/2020 12:40,0,*******,97,174,0,9/24/2020 12:40,R_3qHWYleA41oKZnM,*******,*******,*******,*******,*******,*******,email,EN,mtt58,2,1,0,not sure,1,19,25,24,13,15,13,11,13,13,14,15,13,15,16,13,14,14,14,13,13,12,15,14,14,12,12
9/10/2020 12:46,9/10/2020 12:49,0,*******,97,175,0,9/24/2020 12:49,R_1F2jvHxpzZ02Alm,*******,*******,*******,*******,*******,*******,email,EN,sl2878,1,1,0,As many as possible! ,1,18,25,24,15,15,16,14,12,13,14,13,13,14,16,13,11,13,13,14,12,12,12,11,12,15,13
9/10/2020 13:04,9/10/2020 13:09,0,*******,97,341,0,9/24/2020 13:09,R_2fGWq1E1ZD9dD8Q,*******,*******,*******,*******,*******,*******,email,EN,mg894,2,2,1,2,1,19,25,24,14,14,15,13,12,13,13,14,12,14,17,12,15,13,13,13,13,12,12,11,12,15,11
9/10/2020 13:14,9/10/2020 13:19,0,*******,97,314,0,9/24/2020 13:20,R_3RyZjUljO6Evwhv,*******,*******,*******,*******,*******,*******,email,EN,kl736,2,2,1,5,2,19,25,24,16,13,16,11,11,12,14,12,14,11,15,14,13,12,13,14,13,12,11,11,12,15,12
9/10/2020 13:27,9/10/2020 13:29,0,*******,97,167,0,9/24/2020 13:30,R_DIfVAA1yKsUdM6B,*******,*******,*******,*******,*******,*******,email,EN,Lmm352,2,3,None,as many as possible ,1,19,25,24,13,17,16,12,14,15,14,15,15,15,15,12,11,13,13,13,12,13,12,11,12,15,11
9/10/2020 12:28,9/10/2020 13:45,0,*******,97,4657,0,9/24/2020 13:46,R_3g0GUBJsSzx0yD9,*******,*******,*******,*******,*******,*******,email,EN,lh488,2,5,1,All of them,2,20,26,25,16,13,16,11,11,12,12,11,11,12,16,13,13,13,13,12,13,13,13,12,13,14,12
9/10/2020 13:47,9/10/2020 13:48,0,*******,79,115,0,9/24/2020 13:49,R_3JEksw9ZcfEP6jq,*******,*******,*******,*******,*******,*******,email,EN,jp2249,2,2,0,as many as possible,1,19,25,24,14,16,15,12,11,15,15,13,11,13,17,12,13,13,13,13,12,,,,,,
9/10/2020 13:50,9/10/2020 13:56,0,*******,97,358,0,9/24/2020 13:56,R_1d6RNmpuOO9p4cy,*******,*******,*******,*******,*******,*******,email,EN,kem277,2,1,0,1,2,18,24,23,14,17,14,11,13,14,14,14,13,14,17,11,12,13,14,11,12,13,12,11,12,15,13
9/10/2020 13:53,9/10/2020 13:57,0,*******,97,273,0,9/24/2020 13:57,R_2sSALLJRQqPwmLW,*******,*******,*******,*******,*******,*******,email,EN,xw223,2,Several,1,Several,4,19,24,23,14,16,16,11,12,14,15,12,12,14,15,11,12,,,,,,,,,,
9/10/2020 14:13,9/10/2020 14:20,0,*******,97,438,0,9/24/2020 14:21,R_1OB5UWVbyflbP8t,*******,*******,*******,*******,*******,*******,email,EN,bcp44,2,0,0,N/A,4,20,26,25,13,16,15,12,13,14,12,14,12,14,15,14,13,13,13,14,13,13,13,13,12,14,12
9/10/2020 14:48,9/10/2020 14:56,0,*******,97,504,0,9/24/2020 14:57,R_30emjqXiqT4dH5j,*******,*******,*******,*******,*******,*******,email,EN,ctc95,2,I don't know ,I don't know ,I don't know ,4,19,24,23,13,16,14,14,12,14,14,14,13,12,16,13,14,13,13,13,13,12,13,13,13,14,12
9/10/2020 14:56,9/10/2020 14:58,0,*******,97,144,0,9/24/2020 14:58,R_1OTZ91TCxmiSfud,*******,*******,*******,*******,*******,*******,email,EN,jcn66,2,2,0,2,1,19,25,24,16,14,14,11,12,12,14,12,12,12,14,12,12,12,12,13,12,12,12,12,13,14,12
9/10/2020 15:05,9/10/2020 15:13,0,*******,97,498,0,9/24/2020 15:13,R_1g8usniSsJMsAWM,*******,*******,*******,*******,*******,*******,email,EN,jgr88,1,2,1,10,3,18,24,23,14,14,13,11,12,12,12,14,13,14,17,12,12,12,12,13,12,12,11,11,13,14,13
9/10/2020 15:11,9/10/2020 15:14,0,*******,97,171,0,9/24/2020 15:14,R_1Kvwd1byJmQ5JnQ,*******,*******,*******,*******,*******,*******,email,EN,nej33,2,0,0,N/A,1,19,25,24,17,13,14,12,11,11,13,12,12,12,15,11,12,11,11,12,11,11,11,11,12,15,11
9/10/2020 15:13,9/10/2020 15:16,0,*******,97,182,0,9/24/2020 15:17,R_32KrFnrCldwcH9h,*******,*******,*******,*******,*******,*******,email,EN,kip22,2,0,0,,2,21,27,26,13,13,17,11,11,12,15,13,12,11,17,15,15,15,15,13,15,15,14,13,15,12,14
9/10/2020 15:14,9/10/2020 15:19,0,*******,97,306,0,9/24/2020 15:19,R_pmYaH1MsMzQeALf,*******,*******,*******,*******,*******,*******,email,EN,jdr293,1,5,2,5,2,18,24,24,15,13,16,11,11,11,15,11,11,12,17,12,13,12,12,15,12,12,12,11,12,15,12
9/10/2020 15:17,9/10/2020 15:20,0,*******,97,191,0,9/24/2020 15:20,R_3PMEb75Csx6TawC,*******,*******,*******,*******,*******,*******,email,EN,jmz68,2,3,0,2,1,19,25,25,14,14,16,11,12,12,15,13,14,12,16,12,14,12,12,14,13,12,13,12,12,14,11
9/10/2020 15:29,9/10/2020 15:35,0,*******,97,357,0,9/24/2020 15:35,R_1FkteloUXNHGyC3,*******,*******,*******,*******,*******,*******,email,EN,enm36,2,2,0,2,1,18,25,24,14,14,16,11,12,13,14,11,12,12,17,13,12,13,13,12,12,12,13,14,13,13,13
9/10/2020 15:32,9/10/2020 15:35,0,*******,97,213,0,9/24/2020 15:36,R_3FIi6KOJK6sjzOP,*******,*******,*******,*******,*******,*******,email,EN,ab2297,1,0,0,0,1,19,25,24,14,14,15,14,13,13,13,14,14,14,16,13,13,13,13,13,13,12,12,12,13,14,13
9/10/2020 15:34,9/10/2020 15:38,0,*******,97,242,0,9/24/2020 15:38,R_1lbHtV7TkSIoOVe,*******,*******,*******,*******,*******,*******,email,EN,jec423,2,none,none,,4,19,25,24,15,14,15,12,13,14,13,14,14,14,15,12,13,13,13,14,12,12,12,11,13,15,12
9/10/2020 16:18,9/10/2020 16:23,0,*******,97,304,0,9/24/2020 16:23,R_A0DnAsTN5Slc1uV,*******,*******,*******,*******,*******,*******,email,EN,do249,1,0,0,0,5,21,27,24,17,13,17,11,11,13,14,12,13,11,15,14,15,13,13,12,13,13,13,12,13,14,12
9/10/2020 16:20,9/10/2020 16:23,0,*******,97,201,0,9/24/2020 16:23,R_1MMQhHtZHk7iNAf,*******,*******,*******,*******,*******,*******,email,EN,hj253,2,~5,0,2,1,18,24,24,14,14,14,11,12,14,12,14,14,14,14,13,12,12,12,12,13,13,12,12,13,15,12
9/10/2020 16:50,9/10/2020 16:52,0,*******,97,158,0,9/24/2020 16:53,R_wYQDrP3Y8uWFMS5,*******,*******,*******,*******,*******,*******,email,EN,lcp79,2,2,0,1,1,19,25,24,16,14,17,11,11,13,15,11,11,12,17,14,14,14,13,12,13,11,11,11,13,15,12
9/10/2020 10:08,9/10/2020 17:22,0,*******,79,26053,0,9/24/2020 17:23,R_1IN4yed63vZQTMq,*******,*******,*******,*******,*******,*******,email,EN,dwg83,1,2,0,0,2,19,25,24,16,,16,11,12,14,14,12,14,12,14,12,12,12,12,12,12,12,12,12,12,15,13
9/10/2020 17:21,9/10/2020 17:25,0,*******,97,229,0,9/24/2020 17:25,R_1KwoALNcTSxAkEq,*******,*******,*******,*******,*******,*******,email,EN,,2,0,0,I do not know any. ,1,19,25,24,16,14,15,12,12,13,13,13,12,12,16,13,13,13,13,13,13,13,13,13,13,14,13
9/10/2020 17:35,9/10/2020 17:40,0,*******,97,284,0,9/24/2020 17:40,R_USht6STMZdUqDmN,*******,*******,*******,*******,*******,*******,email,EN,rb634,1,1,0,1,4,19,25,24,16,14,14,12,12,14,13,12,12,14,15,13,14,13,13,12,13,13,13,14,13,13,13
9/10/2020 17:35,9/10/2020 17:46,0,*******,97,689,0,9/24/2020 17:47,R_Xh7iAUeI5hZ1gGt,*******,*******,*******,*******,*******,*******,email,EN,nkg24,2,2,0,2,3,18,24,23,14,16,14,12,12,14,11,14,15,15,16,12,13,12,13,12,13,13,13,11,12,15,11
9/10/2020 17:45,9/10/2020 17:49,0,*******,97,278,0,9/24/2020 17:49,R_25vwQTAKMhdeuHh,*******,*******,*******,*******,*******,*******,email,EN,dda37,2,5,0,5,1,19,25,24,16,16,16,12,12,12,13,14,11,13,16,13,14,13,13,14,13,13,12,13,13,14,13
9/10/2020 17:49,9/10/2020 17:54,0,*******,97,321,0,9/24/2020 17:54,R_9AimsnZcKB7RXk5,*******,*******,*******,*******,*******,*******,email,EN,ab972,2,4,0,4,1,19,25,24,14,15,14,12,13,14,14,13,14,14,17,14,14,13,13,12,12,13,12,12,13,14,13
9/10/2020 18:08,9/10/2020 18:11,0,*******,97,162,0,9/24/2020 18:11,R_yO9A3CY0XhayrQZ,*******,*******,*******,*******,*******,*******,email,EN,aas337,2,0,0,n/a,4,18,24,23,15,14,16,11,12,15,11,15,14,15,13,13,12,13,13,14,11,13,13,13,14,13,13
9/9/2020 9:14,9/10/2020 18:12,0,*******,26,118646,0,9/24/2020 18:12,R_UR6Dbqdm1pF29DX,*******,*******,*******,*******,*******,*******,email,EN,wz294,2,1,0,,5,19,25,23,,,,,,,,,,,,,,,,,,,,,,,
9/10/2020 17:44,9/10/2020 18:12,0,*******,97,1735,0,9/24/2020 18:12,R_9yQs3GQ3dlscnrb,*******,*******,*******,*******,*******,*******,email,EN,za39,2,1,0,1,1,19,25,26,17,13,17,11,11,12,15,11,11,11,17,13,13,13,13,12,13,13,13,13,12,15,13
9/10/2020 18:29,9/10/2020 18:32,0,*******,97,189,0,9/24/2020 18:32,R_2CIWj30m6PBCYDd,*******,*******,*******,*******,*******,*******,email,EN,ime24,2,0,0,0,2,21,27,27,14,16,16,14,12,14,12,14,14,14,14,13,13,13,13,12,12,12,12,12,12,15,12
9/9/2020 5:06,9/10/2020 18:54,0,*******,97,136075,0,9/24/2020 18:54,R_3HtCWAHWw6kT0wm,*******,*******,*******,*******,*******,*******,email,EN,st645,2,2,0,,1,18,25,24,14,14,16,11,12,14,12,12,12,12,17,13,14,14,14,13,13,12,12,12,12,11,12
9/9/2020 4:10,9/10/2020 19:02,0,*******,97,139901,0,9/24/2020 19:02,R_2Xmq3ZxBaYUvAvO,*******,*******,*******,*******,*******,*******,email,EN,djc428,1,1,1,1,5,19,25,26,14,15,14,11,12,15,11,12,12,12,17,13,13,13,13,13,13,13,11,11,12,15,11
9/9/2020 12:53,9/10/2020 19:02,0,*******,97,108501,0,9/24/2020 19:02,R_1hT1ajp0OSfnvzA,*******,*******,*******,*******,*******,*******,email,EN,Eha45,2,four,0,I don’t know,1,19,25,24,16,13,13,11,11,11,15,12,12,11,16,13,13,13,13,13,14,13,13,12,12,14,13
9/10/2020 19:16,9/10/2020 19:25,0,*******,97,502,0,9/24/2020 19:25,R_2eQ0uF7jfmFOyTQ,*******,*******,*******,*******,*******,*******,email,EN,ep428,2,1,0,1,1,19,25,26,14,14,14,12,12,12,14,13,14,14,16,13,13,14,14,12,12,12,12,12,13,14,13
9/10/2020 19:27,9/10/2020 19:31,0,*******,97,213,0,9/24/2020 19:34,R_2dpeN7vMzowzMgk,*******,*******,*******,*******,*******,*******,email,EN,gmv34,2,1,0,1,1,19,26,25,14,14,15,11,12,12,14,13,12,13,16,12,12,12,12,12,13,12,12,12,13,13,13
9/10/2020 19:44,9/10/2020 19:46,0,*******,97,122,0,9/24/2020 19:46,R_3niyV0wON5q1ZFx,*******,*******,*******,*******,*******,*******,email,EN,pjk247,1,0,0,,2,18,24,23,15,15,16,11,12,12,15,12,12,13,15,13,12,15,14,13,15,14,13,13,13,15,13
9/10/2020 19:32,9/10/2020 19:47,0,*******,97,894,0,9/24/2020 19:48,R_3G2l2Ti9yK41L4E,*******,*******,*******,*******,*******,*******,email,EN,igg8,2,0,0,5,1,19,25,24,16,15,16,13,12,14,13,13,13,12,16,14,14,14,12,12,13,13,13,12,14,13,13
9/9/2020 8:12,9/10/2020 19:57,0,*******,97,128643,0,9/24/2020 19:57,R_3FX1fG9PaN9OnFG,*******,*******,*******,*******,*******,*******,email,EN,hmc64,2,0,0,,1,21,25,26,16,16,17,11,12,14,14,12,11,12,17,11,12,12,12,12,12,11,11,11,12,15,12
9/10/2020 19:55,9/10/2020 19:59,0,*******,97,231,0,9/24/2020 20:00,R_2Yn6jlLnTH5FnHy,*******,*******,*******,*******,*******,*******,email,EN,jhl265,2,0,0,N/A,1,19,25,24,14,15,16,12,12,12,12,13,12,12,16,12,13,12,12,13,12,11,12,12,13,14,11
9/9/2020 6:48,9/10/2020 20:03,0,*******,97,134140,0,9/24/2020 20:03,R_1kYSksfDNY1LEtN,*******,*******,*******,*******,*******,*******,email,EN,mlc354,2,6,1,5,2,21,25,26,14,16,16,11,12,15,12,11,14,12,17,12,12,13,13,15,12,12,12,11,12,15,12
9/10/2020 20:03,9/10/2020 20:06,0,*******,97,172,0,9/24/2020 20:06,R_3dELFUsVS33IXun,*******,*******,*******,*******,*******,*******,email,EN,jk2353,2,1 or 2 ,None,1 or 2 ,1,18,24,24,16,14,14,11,12,12,14,12,14,14,16,13,14,13,13,12,12,12,12,12,12,15,13
9/10/2020 20:03,9/10/2020 20:10,0,*******,97,406,0,9/24/2020 20:10,R_ZgDfdgeMTdMq6xb,*******,*******,*******,*******,*******,*******,email,EN,mcr254,1,0,0,N/A,1,18,24,23,14,16,16,11,11,12,13,12,12,11,14,13,13,13,13,12,13,13,11,11,12,14,11
9/10/2020 20:10,9/10/2020 20:11,0,*******,79,61,0,9/24/2020 20:11,R_2aDMUQUPeuTm6QM,*******,*******,*******,*******,*******,*******,email,EN,,,,,,,,,,,,,,,,,,,,,,,,,,,,,,,,
9/10/2020 19:47,9/10/2020 20:21,0,*******,97,2083,0,9/24/2020 20:22,R_1Rdg4uioDLmqWl3,*******,*******,*******,*******,*******,*******,email,EN,crs375,2,0,0,Many,1,19,25,24,14,15,14,11,12,14,13,12,13,14,16,13,13,13,13,12,12,13,12,12,13,14,12
9/10/2020 20:29,9/10/2020 20:31,0,*******,97,151,0,9/24/2020 20:31,R_2qlnvtmggGxRS5K,*******,*******,*******,*******,*******,*******,email,EN,ph438,2,0,0,33 - those in my discussion section,1,19,25,24,16,14,14,11,12,11,14,12,12,12,14,11,13,11,12,15,12,11,11,11,12,15,11
9/10/2020 20:27,9/10/2020 20:32,0,*******,97,271,0,9/24/2020 20:32,R_10V0muBXDP3bY0M,*******,*******,*******,*******,*******,*******,email,EN,td343,2,0,0,5,1,19,25,24,14,16,16,12,12,14,15,14,14,15,17,13,12,15,13,11,12,13,14,13,13,13,13
9/10/2020 20:31,9/10/2020 20:35,0,*******,97,222,0,9/24/2020 20:35,R_YQPoT3yRvUYOSd3,*******,*******,*******,*******,*******,*******,email,EN,twd36,1,1,0,0,2,20,26,25,14,16,14,13,13,14,14,14,13,14,17,13,14,13,13,12,13,12,12,12,13,14,13
9/10/2020 20:36,9/10/2020 20:41,0,*******,97,278,0,9/24/2020 20:41,R_dgSqF2HEB7fITf3,*******,*******,*******,*******,*******,*******,email,EN,gma67,2,2,1,2,2,18,24,24,16,13,17,11,12,11,13,12,12,12,15,12,12,13,11,14,12,12,11,11,12,15,11
9/9/2020 8:15,9/10/2020 20:54,0,*******,97,131920,0,9/24/2020 20:54,R_1mOCydTpQXyUuRi,*******,*******,*******,*******,*******,*******,email,EN,jl4234,2,0,0,as many as i can,1,19,25,24,14,15,16,11,12,12,14,12,12,12,17,12,13,12,13,12,13,12,12,11,12,14,12
9/9/2020 10:28,9/10/2020 21:01,0,*******,97,124339,0,9/24/2020 21:01,R_2SBRHVn3O8PiOIH,*******,*******,*******,*******,*******,*******,email,EN,mwm232,2,0,0,A lot! I'd love to make friends! :),1,22,28,27,17,13,17,11,11,13,15,11,11,11,17,13,14,13,13,12,12,13,12,12,13,15,12
9/10/2020 21:28,9/10/2020 21:30,0,*******,97,135,0,9/24/2020 21:31,R_6yWh83IzSdFSUhP,*******,*******,*******,*******,*******,*******,email,EN,las467,2,0,0,0,1,19,25,24,16,13,17,11,11,12,15,11,11,11,17,13,13,12,12,12,12,12,12,12,13,14,13
9/10/2020 21:31,9/10/2020 21:37,0,*******,97,387,0,9/24/2020 21:38,R_3no2l6ihIThxmXP,*******,*******,*******,*******,*******,*******,email,EN,rsd227,1,5,0,1,1,21,26,26,15,15,17,11,12,11,14,12,12,12,16,13,12,13,13,12,12,13,13,12,13,14,13
9/10/2020 21:39,9/10/2020 21:42,0,*******,97,176,0,9/24/2020 21:42,R_emko8vs6HSOF2aB,*******,*******,*******,*******,*******,*******,email,EN,aec293,3,2?,none,probably one,1,18,24,23,16,14,17,11,12,12,15,12,12,12,17,13,14,14,13,13,13,13,13,13,13,14,13
9/10/2020 21:55,9/10/2020 21:57,0,*******,97,140,0,9/24/2020 21:58,R_25Ep2gAiX4OyDi4,*******,*******,*******,*******,*******,*******,email,EN,gmt59,2,1,0,1,1,19,27,26,16,14,13,11,11,11,14,11,11,11,16,13,14,15,14,11,13,13,13,13,13,13,13
9/10/2020 21:59,9/10/2020 22:01,0,*******,97,117,0,9/24/2020 22:02,R_000EdLM83pd15F7,*******,*******,*******,*******,*******,*******,email,EN,,2,0,0,N/A,2,18,24,23,13,14,14,12,12,12,14,15,15,15,14,13,12,13,13,13,12,12,12,11,12,15,11
9/10/2020 21:38,9/10/2020 22:14,0,*******,97,2135,0,9/24/2020 22:14,R_OfGYVHKvr5iDG9j,*******,*******,*******,*******,*******,*******,email,EN,jey36,2,1,0,as many as possible,1,20,25,23,16,14,16,13,13,12,12,13,13,12,16,12,13,13,13,13,13,11,11,11,12,15,12
9/10/2020 22:13,9/10/2020 22:16,0,*******,97,189,0,9/24/2020 22:16,R_3hAdH5BqHInXB15,*******,*******,*******,*******,*******,*******,email,EN,at562,2,2,Not sure yet,2,1,19,25,24,16,14,16,11,11,12,12,11,11,11,17,15,15,15,15,15,13,13,13,13,14,13,13
9/10/2020 22:26,9/10/2020 22:29,0,*******,97,197,0,9/24/2020 22:29,R_2CVPnhTaDAQKD4I,*******,*******,*******,*******,*******,*******,email,EN,ds868,2,0,0,,2,19,25,24,16,13,16,11,11,12,15,12,12,12,16,13,13,14,13,14,13,13,12,12,13,14,13
9/10/2020 22:31,9/10/2020 22:36,0,*******,97,250,0,9/24/2020 22:36,R_bwuCIyj4RpjdhGp,*******,*******,*******,*******,*******,*******,email,EN,kr397,1,1,0,1,2,19,25,23,14,16,14,12,12,13,12,13,14,13,16,12,14,12,13,12,12,12,12,12,13,14,13
9/10/2020 22:48,9/10/2020 22:50,0,*******,97,121,0,9/24/2020 22:51,R_WkbALS3HwRfzeXT,*******,*******,*******,*******,*******,*******,email,EN,ajl352,1,8,0,5,1,19,25,24,17,13,17,11,11,12,14,11,11,11,17,12,12,12,12,14,12,12,12,12,13,14,13
9/10/2020 22:40,9/10/2020 22:50,0,*******,97,645,0,9/24/2020 22:51,R_sEXExwjJSOD0xIl,*******,*******,*******,*******,*******,*******,email,EN,cmw283,1,0,0,I don't know yet,1,19,25,23,14,14,13,14,12,14,13,14,14,14,16,12,14,12,12,13,12,12,12,12,13,14,12
9/10/2020 22:52,9/10/2020 22:57,0,*******,97,319,0,9/24/2020 22:57,R_3rHDA0NxNPL8BXs,*******,*******,*******,*******,*******,*******,email,EN,ljc238,2,2,0,2,1,19,25,23,17,14,17,12,11,13,13,11,11,11,17,13,12,13,13,12,12,12,12,12,12,15,12
9/9/2020 19:45,9/10/2020 22:57,0,*******,97,97910,0,9/24/2020 22:57,R_9ZWkUmT4E2mrp3b,*******,*******,*******,*******,*******,*******,email,EN,mbm276,2,5,0,3,1,19,25,23,15,14,14,11,11,14,15,11,12,12,17,13,13,14,14,12,13,11,11,11,12,15,11
9/11/2020 1:28,9/11/2020 1:32,0,*******,97,226,0,9/25/2020 1:32,R_3Dqjy3WETM6eFg7,*******,*******,*******,*******,*******,*******,email,EN,tz348,2,1,0,1,2,19,25,24,13,13,16,11,11,11,14,11,11,12,15,13,13,12,12,14,12,11,11,11,12,15,11
9/11/2020 4:00,9/11/2020 4:08,0,*******,97,487,0,9/25/2020 4:08,R_2qgROweAsoKKnbo,*******,*******,*******,*******,*******,*******,email,EN,pc497,2,2,0,4,1,19,25,23,15,14,14,11,12,13,12,13,12,12,15,13,12,13,13,14,12,12,12,12,12,15,13
9/11/2020 4:24,9/11/2020 4:27,0,*******,97,153,0,9/25/2020 4:27,R_2TXy9USwdjGWVm1,*******,*******,*******,*******,*******,*******,email,EN,yh744,2,1,1,1,2,20,26,25,14,15,16,11,12,14,14,14,13,13,16,12,13,13,13,13,13,12,11,11,12,15,13
9/11/2020 5:06,9/11/2020 5:09,0,*******,97,153,0,9/25/2020 5:09,R_2zXPcNqsxq2grtp,*******,*******,*******,*******,*******,*******,email,EN,tmg73,2,zero,zero,N/A,1,19,25,24,16,16,14,11,12,13,14,12,11,11,14,12,14,12,12,13,12,11,11,11,12,15,12
9/11/2020 5:37,9/11/2020 5:41,0,*******,97,221,0,9/25/2020 5:41,R_3p3D6iq0k346gLz,*******,*******,*******,*******,*******,*******,email,EN,kl527,1,2,0,2,1,21,26,27,16,14,16,12,12,14,12,13,12,12,16,15,15,15,15,13,15,12,11,11,12,15,11
9/11/2020 6:57,9/11/2020 6:59,0,*******,97,163,0,9/25/2020 6:59,R_2QWAOZLnBH7whAc,*******,*******,*******,*******,*******,*******,email,EN,keb289,2,0,0,0,1,19,25,24,14,16,14,12,12,14,12,14,14,14,17,13,13,13,13,13,13,13,13,12,13,14,12
9/11/2020 7:24,9/11/2020 7:26,0,*******,97,137,0,9/25/2020 7:27,R_3j9HjIuuYcmXNsY,*******,*******,*******,*******,*******,*******,email,EN,aar233,1,1,1,all,1,18,24,23,14,15,14,11,12,12,15,11,12,15,17,13,13,13,12,14,12,12,12,11,12,15,11
9/10/2020 20:39,9/11/2020 7:32,0,*******,97,39196,0,9/25/2020 7:32,R_2zSiCfrxLfCMwR0,*******,*******,*******,*******,*******,*******,email,EN,Aia39,2,1,0,0,1,20,26,25,16,15,15,12,12,12,13,13,12,14,16,12,13,12,13,12,13,12,12,12,13,14,12
9/11/2020 7:30,9/11/2020 7:33,0,*******,97,148,0,9/25/2020 7:33,R_1TEqNRiXCuNnjLH,*******,*******,*******,*******,*******,*******,email,EN,Jtg242 ,1,0,0,0,1,18,25,24,13,15,13,13,13,13,14,13,14,14,17,14,13,13,13,13,13,13,13,13,14,14,13
9/11/2020 7:32,9/11/2020 7:39,0,*******,97,403,0,9/25/2020 7:39,R_sqjpS7M18RbPwch,*******,*******,*******,*******,*******,*******,email,EN,mh983,1,one or two,maybe one ,hopefully more than one. ,3,19,25,25,14,15,16,12,12,13,12,15,13,13,16,14,13,12,13,14,12,13,13,12,12,14,12
9/11/2020 7:10,9/11/2020 7:40,0,*******,79,1845,0,9/25/2020 7:40,R_cIIG8Pr0yaDdwYx,*******,*******,*******,*******,*******,*******,email,EN,kaw297,1,2,0,2,1,19,25,24,13,13,14,14,11,15,11,14,14,12,16,12,12,12,12,14,12,,,,,,
9/11/2020 7:43,9/11/2020 7:47,0,*******,97,249,0,9/25/2020 7:47,R_3Ic7B98x9S068SL,*******,*******,*******,*******,*******,*******,email,EN,bag222,1,0,0,Hopefully I'll make friends in the class,2,20,26,26,17,14,17,11,11,12,12,12,12,11,17,12,12,13,13,11,12,13,13,13,13,15,13
9/11/2020 7:57,9/11/2020 8:00,0,*******,97,200,0,9/25/2020 8:00,R_2Qs78sXjntQOJ3P,*******,*******,*******,*******,*******,*******,email,EN,mtm99,2,0,0,"Probably five or so, for group projects",2,19,25,24,14,16,17,11,12,14,11,13,14,13,16,12,14,12,,12,12,13,11,11,12,15,11
9/9/2020 8:32,9/11/2020 8:23,0,*******,79,172287,0,9/25/2020 8:24,R_1opUfPGthVwDUd7,*******,*******,*******,*******,*******,*******,email,EN,tjg77,1,0,0,,5,19,26,24,13,15,15,12,12,14,12,13,13,15,17,13,13,13,13,13,13,,,,,,
9/10/2020 0:33,9/11/2020 8:32,0,*******,97,115146,0,9/25/2020 8:32,R_1GUMr5J5PHxMFO3,*******,*******,*******,*******,*******,*******,email,EN,,1,0,0,0,5,19,25,24,15,16,16,12,12,13,13,13,14,13,17,13,12,13,13,13,13,13,13,13,14,12,13
9/9/2020 5:34,9/11/2020 8:36,0,*******,79,183691,0,9/25/2020 8:37,R_uk5ouMx4zGvxs6B,*******,*******,*******,*******,*******,*******,email,EN,yz395,2,0,0,0,2,19,25,24,14,14,15,12,12,13,14,12,13,12,15,12,13,13,13,13,12,12,12,12,13,14,12
9/10/2020 19:07,9/11/2020 8:40,0,*******,97,48798,0,9/25/2020 8:40,R_UzoKrtAyZgJHyBX,*******,*******,*******,*******,*******,*******,email,EN,apm234,1,0,0,0,5,19,25,25,16,14,14,12,13,14,12,12,12,12,15,13,13,13,13,13,13,13,13,13,14,13,13
9/9/2020 8:07,9/11/2020 8:41,0,*******,97,174848,0,9/25/2020 8:41,R_2YQbUuOQncWN62C,*******,*******,*******,*******,*******,*******,email,EN,rtk53,1,0,0,N/A,2,19,25,23,14,14,16,11,11,11,14,12,12,11,16,12,12,13,13,12,12,12,12,12,13,15,13
9/9/2020 8:06,9/11/2020 8:51,0,*******,97,175460,0,9/25/2020 8:51,R_veHq7Eu1qAPmViN,*******,*******,*******,*******,*******,*******,email,EN,hr369,2,0,0,I wish I knew more peers in the class and I had their contact information. I would be happy with knowing five people in the class. ,1,21,27,26,16,14,17,11,11,13,14,13,11,11,17,15,13,14,14,13,14,14,13,13,13,14,14
9/9/2020 13:23,9/11/2020 8:52,0,*******,79,156505,0,9/25/2020 8:52,R_2ZZJaeouoyrDKnR,*******,*******,*******,*******,*******,*******,email,EN,dw562,2,2,0,2,1,19,25,24,17,14,16,11,11,14,12,12,12,12,17,12,12,12,12,11,12,11,11,11,12,15,11
9/9/2020 5:19,9/11/2020 9:00,0,*******,97,186056,0,9/25/2020 9:00,R_28B6QTh3CpscSTQ,*******,*******,*******,*******,*******,*******,email,EN,oao8,2,3,1,1,1,18,25,24,14,17,14,12,13,13,14,13,12,14,15,13,13,13,13,13,13,13,15,13,14,13,13
9/11/2020 8:44,9/11/2020 8:51,0,*******,97,373,0,9/25/2020 9:01,R_AdH9SvMvbYJsiHf,*******,*******,*******,*******,*******,*******,email,EN,lso 26 ,1,10,0,10,1,18,24,23,14,13,13,11,11,11,14,13,14,12,14,11,11,11,11,14,11,11,11,11,12,15,11
9/9/2020 6:47,9/11/2020 8:51,0,*******,16,180206,0,9/25/2020 9:01,R_3dSTfVNlcXdvcC8,*******,*******,*******,*******,*******,*******,email,EN,jpd274,3,0,0,0,5,18,24,23,,,,,,,,,,,,,,,,,,,,,,,
9/11/2020 9:03,9/11/2020 9:03,0,*******,26,48,0,9/25/2020 9:03,R_1NeQk5yaGiJ58Zz,*******,*******,*******,*******,*******,*******,email,EN,vad34,2,2,none,,2,18,24,23,,,,,,,,,,,,,,,,,,,,,,,
9/9/2020 6:04,9/11/2020 9:05,0,*******,79,183674,0,9/25/2020 9:06,R_26g16gmTe9eHj8Q,*******,*******,*******,*******,*******,*******,email,EN,mls526,2,a few,3-Feb,,1,19,25,24,13,16,15,12,12,13,13,13,13,15,15,13,12,13,13,12,12,12,12,11,12,15,12
9/9/2020 5:37,9/11/2020 9:06,0,*******,79,185336,0,9/25/2020 9:06,R_28NEgnvaatUxpOW,*******,*******,*******,*******,*******,*******,email,EN,yl756,2,1,0,1,4,19,25,24,16,15,15,13,12,15,11,14,14,14,14,12,12,12,12,13,12,,,,,,
9/10/2020 20:10,9/11/2020 9:10,0,*******,79,46835,0,9/25/2020 9:10,R_1rqeI5jFch3Uf0e,*******,*******,*******,*******,*******,*******,email,EN,el733,2,1,0,1,1,21,26,24,14,15,16,12,12,13,12,14,12,12,14,13,11,11,13,12,13,12,12,11,12,15,12
9/9/2020 12:00,9/11/2020 9:11,0,*******,97,162686,0,9/25/2020 9:11,R_31Na31TAPaUzXjE,*******,*******,*******,*******,*******,*******,email,EN,nea42,2,0,0,,1,19,27,24,14,13,14,12,12,14,12,12,11,14,16,13,14,13,13,12,13,13,13,13,14,15,12
9/10/2020 11:48,9/11/2020 9:12,0,*******,97,77072,0,9/25/2020 9:12,R_2WClkvuIWqA9AtP,*******,*******,*******,*******,*******,*******,email,EN,kiw9,2,0,0,N/A,2,20,25,24,16,14,17,12,11,12,12,11,12,12,16,12,12,12,12,13,12,12,12,11,12,15,11
9/11/2020 1:16,9/11/2020 9:24,0,*******,97,29289,0,9/25/2020 9:24,R_2sBHv6HXeN7989r,*******,*******,*******,*******,*******,*******,email,EN,zg66,2,1,0,all ,4,19,25,23,14,14,15,,12,12,13,13,13,12,17,14,14,12,14,12,12,12,14,11,12,14,12
9/9/2020 8:22,9/11/2020 9:27,0,*******,26,176678,0,9/25/2020 9:27,R_1YNi6vpN1lUazDz,*******,*******,*******,*******,*******,*******,email,EN,jn446,2,0,0,0,1,21,25,26,,,,,,,,,,,,,,,,,,,,,,,
9/9/2020 4:52,9/11/2020 11:00,0,*******,26,194883,0,9/25/2020 11:00,R_2aOyBiP48hXljtP,*******,*******,*******,*******,*******,*******,email,EN,cjl334,2,2,0,not sure,2,20,26,25,14,15,14,12,11,12,13,13,13,12,16,13,13,,,,,,,,,,
9/9/2020 16:56,9/11/2020 11:06,0,*******,79,151840,0,9/25/2020 11:07,R_1BWaHvWaTp6g6yt,*******,*******,*******,*******,*******,*******,email,EN,cc2563,2,2,2,,2,21,26,24,16,15,15,12,12,15,14,13,12,12,16,13,12,13,13,12,13,,,,,,
9/11/2020 8:05,9/11/2020 11:39,0,*******,79,12847,0,9/25/2020 11:39,R_2xL8wZW52gJer7g,*******,*******,*******,*******,*******,*******,email,EN,,1,maybe 5,2,a few,1,19,25,24,14,14,15,14,14,15,12,12,14,12,15,12,14,12,12,14,12,,,,,,
9/11/2020 8:40,9/11/2020 11:51,0,*******,26,11456,0,9/25/2020 11:51,R_3EJYi7gBPye0Fkx,*******,*******,*******,*******,*******,*******,email,EN,zrl9,2,2,0,2,2,19,25,24,,,,,,,,,,,,,,,,,,,,,,,
9/10/2020 20:21,9/11/2020 20:39,0,*******,97,87479,0,9/25/2020 20:40,R_31FZ3WpLdrZTuKe,*******,*******,*******,*******,*******,*******,email,EN,als488,2,0,0,,2,19,25,24,16,14,16,11,12,12,12,12,13,12,16,13,11,12,12,11,12,12,11,11,12,15,11
9/9/2020 8:14,9/12/2020 1:58,0,*******,97,236666,0,9/26/2020 1:58,R_2TttQ0KKRKS5tUA,*******,*******,*******,*******,*******,*******,email,EN,jeg334,4,5,0,3,3,19,24,26,17,13,17,15,11,14,11,11,14,12,15,12,12,13,13,12,13,13,13,11,12,15,11
9/10/2020 22:58,9/12/2020 22:49,0,*******,26,172303,0,9/26/2020 22:50,R_1N3rDOWKp7tMEuz,*******,*******,*******,*******,*******,*******,email,EN,ipy5,1,Zero,Zero,,3,20,26,26,13,16,13,12,13,14,14,15,14,15,17,,,,,,,,,,,,
9/9/2020 11:52,9/13/2020 18:26,0,*******,16,369249,0,9/27/2020 18:31,R_3dGlWSYzXHjKn9O,*******,*******,*******,*******,*******,*******,email,EN,dg568,2,N/A,N/A,,1,22,26,25,,,,,,,,,,,,,,,,,,,,,,,
9/9/2020 8:35,9/14/2020 12:04,0,*******,26,444497,0,9/28/2020 12:04,R_1pVUkN6qEOB2Dwp,*******,*******,*******,*******,*******,*******,email,EN,kmt222,2,2,2,2,1,19,25,24,14,16,13,11,13,12,15,13,12,13,16,13,12,13,13,13,13,,,,,,
9/10/2020 13:58,9/16/2020 9:25,0,*******,97,502070,0,9/30/2020 9:25,R_Uci1Pkv0Rfq0ZPz,*******,*******,*******,*******,*******,*******,email,EN,kls288,2,2,None yet,"I would like to be in contact with as many other students as possible, but I don’t know many other peers in this class yet.",2,20,25,24,14,15,16,11,11,12,15,12,11,,17,14,15,15,14,12,13,14,14,13,13,14,13
9/17/2020 18:37,9/17/2020 18:39,0,*******,97,128,0,10/1/2020 18:39,R_A5vnovQ5eSyC05b,*******,*******,*******,*******,*******,*******,email,EN,jb2359,2,Two,None,Most,1,20,26,25,16,14,16,11,12,11,12,11,13,12,16,14,13,12,12,13,12,12,12,12,12,14,13
9/10/2020 23:47,9/17/2020 23:14,0,*******,97,602809,0,10/1/2020 23:15,R_Atyw2J0Cd0APHsl,*******,*******,*******,*******,*******,*******,email,EN,,2,0,0,Anyone I grow to like!,4,18,24,23,15,14,14,12,11,13,11,13,12,12,17,13,13,12,11,13,12,11,11,11,13,15,11
9/11/2020 8:17,9/21/2020 8:07,0,*******,97,863387,0,10/5/2020 8:08,R_3M5UYy4MQNZhOST,*******,*******,*******,*******,*******,*******,email,EN,ncl42 ,1,3,0,3,1,20,26,25,16,14,16,11,11,12,13,13,13,12,15,12,12,12,12,12,12,12,12,12,12,15,12
9/9/2020 5:05,9/22/2020 8:12,0,*******,97,1134438,0,10/6/2020 8:12,R_3O7eLG2jeceGW2q,*******,*******,*******,*******,*******,*******,email,EN,zjt5,1,2,0,2,5,18,25,24,15,14,16,11,11,14,11,14,12,12,17,13,13,13,13,12,13,12,12,11,12,15,12
9/9/2020 11:38,9/25/2020 1:06,0,*******,97,1344480,0,10/9/2020 1:06,R_qCReZEtLq4JfXvH,*******,*******,*******,*******,*******,*******,email,EN,dl599,1,3,0,I don't know,1,19,25,25,16,14,16,11,12,12,12,12,13,12,16,12,11,14,13,12,13,11,11,11,12,15,11
