StartDate,EndDate,Status,IPAddress,Progress,Duration (in seconds),Finished,RecordedDate,ResponseId,RecipientLastName,RecipientFirstName,RecipientEmail,ExternalReference,LocationLatitude,LocationLongitude,DistributionChannel,UserLanguage,Q15,Q29,Q30,Q32,Q33,Q34,Q6,Q7,Q8,Q9,Q10,Q11,Q12,Q13,Q14,Q17,Q18,Q19,Q20,Q21,Q22,Q23,Q24,Q25,Q26,Q27,Q37
Start Date,End Date,Response Type,IP Address,Progress,Duration (in seconds),Finished,Recorded Date,Response ID,Recipient Last Name,Recipient First Name,Recipient Email,External Data Reference,Location Latitude,Location Longitude,Distribution Channel,User Language,My NetID is,I averagely spent about  ________ minutes to complete the post each week.,I generally have a good experience on participating this project.,How many new students do you know by participating this project?,How many new friends do you make by participating this project?,Participating this project increases my interest on Environmental Psychology.,Getting to know other course participants gave me a sense of belonging in the course.,I was able to form distinct impressions of some course participants.,"Online
or web-based communication is an excellent medium for social interaction.",I felt comfortable conversing through the online medium.,I felt comfortable participating in the course discussions.,"I felt comfortable interacting with other course
participants.","I felt comfortable disagreeing with other course participants while
still maintaining a sense of trust.","I felt that my point of view was acknowledged by other course
participants.",Online discussions help me to develop a sense of collaboration.,Prelim questions posed increased my interest in course issues.,Discussion sections piqued my curiosity.,I felt motivated to explore prelim questions.,Brainstorming and finding relevant information helped me resolve questions.,"Discussions were valuable in helping me
appreciate different perspectives.",Combining new information helped me answer questions raised in course.,"Discussion sections helped me construct
explanations/solutions.","Reflection on course content and discussions
helped me understand fundamental concepts in this class.","I can describe ways to test and apply the knowledge created in this
course.","I have developed solutions to course problems that can be applied in
practice.",I can apply the knowledge created in this course to my real life.,"A very brief 10 minutes ZOOM interview on further understanding your experience is a part of this project and will start next week when you have time. It is also a time if you would like to know the whole picture of this research.
Please indicate about when you would like to be interviewed in the next few weeks. But we also respect your attitudes if you do not want to be interviewed."
"{""ImportId"":""startDate"",""timeZone"":""America/Denver""}","{""ImportId"":""endDate"",""timeZone"":""America/Denver""}","{""ImportId"":""status""}","{""ImportId"":""ipAddress""}","{""ImportId"":""progress""}","{""ImportId"":""duration""}","{""ImportId"":""finished""}","{""ImportId"":""recordedDate"",""timeZone"":""America/Denver""}","{""ImportId"":""_recordId""}","{""ImportId"":""recipientLastName""}","{""ImportId"":""recipientFirstName""}","{""ImportId"":""recipientEmail""}","{""ImportId"":""externalDataReference""}","{""ImportId"":""locationLatitude""}","{""ImportId"":""locationLongitude""}","{""ImportId"":""distributionChannel""}","{""ImportId"":""userLanguage""}","{""ImportId"":""QID15_TEXT""}","{""ImportId"":""QID29""}","{""ImportId"":""QID30""}","{""ImportId"":""QID32_TEXT""}","{""ImportId"":""QID33_TEXT""}","{""ImportId"":""QID34""}","{""ImportId"":""QID6""}","{""ImportId"":""QID7""}","{""ImportId"":""QID8""}","{""ImportId"":""QID9""}","{""ImportId"":""QID10""}","{""ImportId"":""QID11""}","{""ImportId"":""QID12""}","{""ImportId"":""QID13""}","{""ImportId"":""QID14""}","{""ImportId"":""QID20""}","{""ImportId"":""QID17""}","{""ImportId"":""QID18""}","{""ImportId"":""QID19""}","{""ImportId"":""QID21""}","{""ImportId"":""QID22""}","{""ImportId"":""QID23""}","{""ImportId"":""QID24""}","{""ImportId"":""QID25""}","{""ImportId"":""QID26""}","{""ImportId"":""QID27""}","{""ImportId"":""QID37""}"
2020-12-21 13:12:39,2020-12-21 13:13:20,IP Address,*******,100,41,True,2020-12-21 13:13:20,R_3Doq6DC3Ljh7d3y,*******,*******,*******,*******,*******,*******,anonymous,EN,,,,,,,,,,,,,,,,,,,,,,,,,,,
2020-12-21 13:14:45,2020-12-21 13:16:36,IP Address,*******,100,111,True,2020-12-21 13:16:36,R_11cKAFAKBkibARj,*******,*******,*******,*******,*******,*******,anonymous,EN,dj295,5 to 10 minutes,Strongly agree,3,0,Somewhat agree,Neither agree nor disagree,Somewhat agree,Neither agree nor disagree,Somewhat agree,Somewhat agree,Somewhat agree,Somewhat agree,Strongly agree,Neither agree nor disagree,Somewhat agree,Neither agree nor disagree,Somewhat disagree,Somewhat agree,Neither agree nor disagree,Somewhat disagree,Neither agree nor disagree,Somewhat agree,Somewhat agree,Somewhat agree,Strongly agree,I would like to be interviewed next week
2020-12-21 13:14:46,2020-12-21 13:17:03,IP Address,*******,100,137,True,2020-12-21 13:17:04,R_1jfutRjw3CF0OVS,*******,*******,*******,*******,*******,*******,anonymous,EN,Kip22,10 - 15 minutes,Neither agree nor disagree,0,0,Neither agree nor disagree,Somewhat agree,Somewhat agree,Strongly disagree,Neither agree nor disagree,Neither agree nor disagree,Somewhat agree,Neither agree nor disagree,Neither agree nor disagree,Somewhat agree,Somewhat disagree,Somewhat disagree,Somewhat disagree,Neither agree nor disagree,Somewhat disagree,Neither agree nor disagree,Somewhat disagree,Somewhat disagree,Somewhat disagree,Somewhat disagree,Neither agree nor disagree,I would like to be interviewed next week
2020-12-21 13:17:06,2020-12-21 13:17:49,IP Address,*******,100,42,True,2020-12-21 13:17:50,R_x2Sc6y9o6UvH9G9,*******,*******,*******,*******,*******,*******,anonymous,EN,Msa226,10 - 15 minutes,Neither agree nor disagree,1,0,Strongly agree,Strongly agree,Neither agree nor disagree,Neither agree nor disagree,Somewhat disagree,Neither agree nor disagree,Somewhat disagree,Neither agree nor disagree,Neither agree nor disagree,Somewhat agree,Somewhat agree,Somewhat agree,Neither agree nor disagree,Somewhat agree,Somewhat disagree,Neither agree nor disagree,Neither agree nor disagree,Neither agree nor disagree,Neither agree nor disagree,Neither agree nor disagree,Somewhat disagree,I would like to be interviewed next week
2020-12-21 13:14:44,2020-12-21 13:18:01,IP Address,*******,100,197,True,2020-12-21 13:18:02,R_2dLptcKx6lMRPU6,*******,*******,*******,*******,*******,*******,anonymous,EN,mbm276,10 - 15 minutes,Strongly agree,5,1,Strongly agree,Strongly agree,Somewhat agree,Strongly agree,Strongly agree,Strongly agree,Strongly agree,Strongly agree,Strongly agree,Strongly agree,Strongly agree,Strongly agree,Strongly agree,Strongly agree,Strongly agree,Strongly agree,Strongly agree,Strongly agree,Strongly agree,Strongly agree,Strongly agree,I would like to be interviewed next week
2020-12-21 13:14:44,2020-12-21 13:18:44,IP Address,*******,100,240,True,2020-12-21 13:18:44,R_3Ein2pH6wl88vg5,*******,*******,*******,*******,*******,*******,anonymous,EN,mes427,15 - 30 minutes,Strongly agree,2,1,Somewhat agree,Somewhat agree,Neither agree nor disagree,Somewhat disagree,Neither agree nor disagree,Neither agree nor disagree,Somewhat agree,Somewhat agree,Strongly agree,Somewhat agree,Somewhat agree,Somewhat agree,Strongly agree,Somewhat agree,Somewhat agree,Somewhat agree,Strongly agree,Somewhat agree,Strongly agree,Neither agree nor disagree,Strongly agree,I would like to be interviewed next week
2020-12-21 13:18:34,2020-12-21 13:21:18,IP Address,*******,100,163,True,2020-12-21 13:21:18,R_2rATy7AQnWvCydA,*******,*******,*******,*******,*******,*******,anonymous,EN,lgl47,less than 5 minutes,Somewhat agree,0,0,Neither agree nor disagree,Somewhat agree,Somewhat agree,Neither agree nor disagree,Somewhat agree,Strongly agree,Strongly agree,Strongly agree,Strongly agree,Somewhat agree,Neither agree nor disagree,Somewhat agree,Neither agree nor disagree,Somewhat agree,Somewhat agree,Somewhat agree,Somewhat agree,Somewhat agree,Somewhat agree,Somewhat agree,Somewhat agree,I would like to be interviewed next week
2020-12-21 13:18:23,2020-12-21 13:23:02,IP Address,*******,100,278,True,2020-12-21 13:23:02,R_28An7pfMe94UZLd,*******,*******,*******,*******,*******,*******,anonymous,EN,sdb246,10 - 15 minutes,Strongly agree,0,0,Strongly agree,Somewhat agree,Neither agree nor disagree,Somewhat disagree,Strongly agree,Strongly agree,Somewhat agree,Strongly agree,Strongly agree,Neither agree nor disagree,Somewhat agree,Somewhat agree,Somewhat agree,Strongly agree,Neither agree nor disagree,Somewhat agree,Neither agree nor disagree,Neither agree nor disagree,Strongly agree,Strongly agree,Strongly agree,I would like to be interviewed next week
2020-12-21 13:20:14,2020-12-21 13:24:15,IP Address,*******,100,241,True,2020-12-21 13:24:16,R_3Rsy5ZLuwfJGHjA,*******,*******,*******,*******,*******,*******,anonymous,EN,mfd62,5 to 10 minutes,Somewhat agree,0,0,Somewhat agree,Somewhat agree,Somewhat disagree,Somewhat disagree,Somewhat disagree,Somewhat agree,Somewhat agree,Neither agree nor disagree,Somewhat agree,Neither agree nor disagree,Somewhat disagree,Somewhat disagree,Somewhat disagree,Somewhat agree,Somewhat agree,Somewhat agree,Strongly agree,Somewhat agree,Strongly agree,Strongly agree,Strongly agree,I would like to be interviewed next week
2020-12-21 13:22:09,2020-12-21 13:24:19,IP Address,*******,100,129,True,2020-12-21 13:24:19,R_PvbYim74j6G5bbz,*******,*******,*******,*******,*******,*******,anonymous,EN,srh233,5 to 10 minutes,Strongly agree,3-5,0,Somewhat agree,Somewhat agree,Strongly agree,Strongly agree,Somewhat agree,Strongly agree,Somewhat agree,Somewhat agree,Strongly agree,Strongly agree,Strongly agree,Somewhat agree,Strongly agree,Strongly agree,Somewhat agree,Strongly agree,Somewhat agree,Strongly agree,Strongly agree,Strongly agree,Strongly agree,I would like to be interviewed next week
2020-12-21 13:23:25,2020-12-21 13:25:17,IP Address,*******,100,112,True,2020-12-21 13:25:18,R_3LdxaC4SuQxjz4m,*******,*******,*******,*******,*******,*******,anonymous,EN,asg235,10 - 15 minutes,Somewhat agree,0,0,Somewhat agree,Somewhat agree,Somewhat disagree,Somewhat agree,Strongly agree,Strongly agree,Strongly agree,Neither agree nor disagree,Somewhat agree,Somewhat agree,Strongly agree,Strongly agree,Somewhat agree,Strongly agree,Somewhat agree,Strongly agree,Strongly agree,Somewhat agree,Somewhat agree,Strongly agree,Strongly agree,I would like to be interviewed this week
2020-12-21 13:25:09,2020-12-21 13:26:47,IP Address,*******,100,97,True,2020-12-21 13:26:47,R_2XoFOYylb5az3HG,*******,*******,*******,*******,*******,*******,anonymous,EN,hrt42,less than 5 minutes,Somewhat agree,3,0,Somewhat agree,Somewhat agree,Somewhat agree,Strongly agree,Strongly agree,Strongly agree,Strongly agree,Strongly agree,Neither agree nor disagree,Strongly agree,Somewhat agree,Somewhat agree,Somewhat agree,Somewhat agree,Somewhat agree,Somewhat agree,Somewhat agree,Somewhat agree,Somewhat agree,Somewhat agree,Strongly agree,I would like to be interviewed next week
2020-12-21 13:28:24,2020-12-21 13:30:09,IP Address,*******,100,105,True,2020-12-21 13:30:09,R_1pVzuPe3XfpZ79i,*******,*******,*******,*******,*******,*******,anonymous,EN,al2485,10 - 15 minutes,Somewhat agree,2,2,Somewhat agree,Somewhat agree,Somewhat agree,Somewhat agree,Somewhat agree,Somewhat agree,Somewhat agree,Somewhat agree,Somewhat agree,Somewhat agree,Somewhat agree,Somewhat agree,Somewhat agree,Somewhat agree,Somewhat agree,Somewhat agree,Somewhat agree,Somewhat agree,Somewhat agree,Somewhat agree,Somewhat agree,I would like to be interviewed next week
2020-12-21 13:27:25,2020-12-21 13:32:19,IP Address,*******,100,293,True,2020-12-21 13:32:19,R_elKXeINl7LIA8GB,*******,*******,*******,*******,*******,*******,anonymous,EN,Nh337,less than 5 minutes,Neither agree nor disagree,3,0,Strongly agree,Somewhat agree,Somewhat agree,Somewhat agree,Neither agree nor disagree,Neither agree nor disagree,Neither agree nor disagree,Neither agree nor disagree,Somewhat agree,Neither agree nor disagree,Somewhat agree,Somewhat disagree,Somewhat disagree,Somewhat agree,Neither agree nor disagree,Strongly agree,Somewhat disagree,Somewhat agree,Strongly agree,Somewhat agree,Strongly agree,I would like to be interviewed next week
2020-12-21 13:33:48,2020-12-21 13:35:01,IP Address,*******,100,73,True,2020-12-21 13:35:02,R_1fjxE8LlGtLtUG1,*******,*******,*******,*******,*******,*******,anonymous,EN,aa747,5 to 10 minutes,Strongly agree,2-3,2-3,Somewhat agree,Strongly agree,Strongly agree,Somewhat agree,Somewhat agree,Somewhat agree,Somewhat agree,Somewhat agree,Somewhat agree,Strongly agree,Somewhat agree,Somewhat agree,Somewhat agree,Strongly agree,Strongly agree,Strongly agree,Strongly agree,Somewhat agree,Somewhat agree,Somewhat agree,Strongly agree,I would like to be interviewed next week
2020-12-21 13:38:35,2020-12-21 13:40:37,IP Address,*******,100,121,True,2020-12-21 13:40:37,R_3MzN7kHpS0lRaVh,*******,*******,*******,*******,*******,*******,anonymous,EN,jcl353,5 to 10 minutes,Somewhat agree,2,0,Somewhat agree,Somewhat agree,Somewhat disagree,Neither agree nor disagree,Somewhat disagree,Somewhat agree,Somewhat agree,Somewhat disagree,Somewhat agree,Strongly agree,Somewhat agree,Somewhat agree,Somewhat disagree,Somewhat agree,Somewhat disagree,Somewhat agree,Strongly agree,Strongly agree,Somewhat agree,Strongly agree,Somewhat agree,I would like to be interviewed next week
2020-12-21 13:38:11,2020-12-21 13:41:00,IP Address,*******,100,169,True,2020-12-21 13:41:00,R_qwp3vfGwVAPXJYt,*******,*******,*******,*******,*******,*******,anonymous,EN,cmd328,10 - 15 minutes,Strongly agree,4,0,Somewhat agree,Somewhat agree,Strongly agree,Neither agree nor disagree,Somewhat agree,Strongly agree,Strongly agree,Neither agree nor disagree,Strongly agree,Somewhat agree,Somewhat agree,Neither agree nor disagree,Somewhat agree,Strongly agree,Somewhat agree,Strongly agree,Somewhat agree,Somewhat agree,Strongly agree,Strongly agree,Strongly agree,I would like to be interviewed next week
2020-12-21 13:42:43,2020-12-21 13:46:53,IP Address,*******,100,250,True,2020-12-21 13:46:53,R_2rN1xN72oSC6I4a,*******,*******,*******,*******,*******,*******,anonymous,EN,Jch362,5 to 10 minutes,Somewhat agree,None,None,Somewhat agree,Neither agree nor disagree,Somewhat agree,Strongly agree,Somewhat agree,Neither agree nor disagree,Somewhat agree,Somewhat agree,Somewhat agree,Somewhat agree,Somewhat agree,Somewhat agree,Somewhat agree,Somewhat agree,Somewhat agree,Somewhat agree,Somewhat agree,Somewhat agree,Somewhat agree,Somewhat agree,Somewhat agree,I would like to be interviewed next week
2020-12-21 13:45:48,2020-12-21 13:47:59,IP Address,*******,100,130,True,2020-12-21 13:47:59,R_3eh5Gsvlz1aSp9l,*******,*******,*******,*******,*******,*******,anonymous,EN,cms528,less than 5 minutes,Neither agree nor disagree,0,0,Neither agree nor disagree,Somewhat disagree,Somewhat disagree,Strongly disagree,Somewhat agree,Strongly agree,Somewhat agree,Strongly agree,Strongly agree,Somewhat agree,Strongly disagree,Somewhat agree,Somewhat disagree,Strongly agree,Somewhat agree,Strongly agree,Neither agree nor disagree,Somewhat agree,Somewhat agree,Strongly agree,Strongly agree,I would like to be interviewed next week
2020-12-21 13:48:16,2020-12-21 13:50:50,IP Address,*******,100,153,True,2020-12-21 13:50:50,R_3plguUMGuiaZXyr,*******,*******,*******,*******,*******,*******,anonymous,EN,kmr225,5 to 10 minutes,Strongly agree,10,1,Somewhat agree,Somewhat agree,Somewhat agree,Somewhat agree,Strongly agree,Strongly agree,Strongly agree,Somewhat agree,Strongly agree,Somewhat agree,Somewhat agree,Somewhat agree,Strongly agree,Strongly agree,Somewhat agree,Strongly agree,Somewhat agree,Strongly agree,Strongly agree,Strongly agree,Strongly agree,I would like to be interviewed next week
2020-12-21 13:51:10,2020-12-21 13:54:27,IP Address,*******,100,196,True,2020-12-21 13:54:27,R_31i8gPnEwzmKXTr,*******,*******,*******,*******,*******,*******,anonymous,EN,"enk29 ",10 - 15 minutes,Strongly agree,0,0,Somewhat agree,Somewhat agree,Somewhat disagree,Neither agree nor disagree,Somewhat agree,Somewhat agree,Somewhat agree,Somewhat disagree,Somewhat agree,Somewhat agree,Somewhat disagree,Somewhat agree,Somewhat disagree,Somewhat agree,Strongly agree,Somewhat agree,Somewhat agree,Somewhat agree,Somewhat agree,Somewhat agree,Strongly agree,I would like to be interviewed next week
2020-12-21 13:52:31,2020-12-21 13:56:56,IP Address,*******,100,264,True,2020-12-21 13:56:56,R_272279YZCxSBgis,*******,*******,*******,*******,*******,*******,anonymous,EN,jgc238,5 to 10 minutes,Somewhat agree,0,0,Neither agree nor disagree,Neither agree nor disagree,Neither agree nor disagree,Somewhat disagree,Somewhat disagree,Neither agree nor disagree,Somewhat disagree,Neither agree nor disagree,Neither agree nor disagree,Neither agree nor disagree,Somewhat agree,Somewhat agree,Neither agree nor disagree,Neither agree nor disagree,Somewhat agree,Neither agree nor disagree,Neither agree nor disagree,Neither agree nor disagree,Somewhat agree,Somewhat agree,Somewhat agree,I would like to be interviewed next week
2020-12-21 14:02:00,2020-12-21 14:04:59,IP Address,*******,100,179,True,2020-12-21 14:04:59,R_1KpNQgqbOGZYxLF,*******,*******,*******,*******,*******,*******,anonymous,EN,elf79,5 to 10 minutes,Strongly agree,0,0,Somewhat agree,Neither agree nor disagree,Somewhat agree,Somewhat disagree,Somewhat agree,Somewhat agree,Strongly agree,Somewhat agree,Strongly agree,Neither agree nor disagree,Somewhat agree,Somewhat agree,Somewhat agree,Somewhat agree,Neither agree nor disagree,Somewhat agree,Neither agree nor disagree,Somewhat agree,Strongly agree,Somewhat agree,Strongly agree,I would like to be interviewed this week
2020-12-21 14:03:57,2020-12-21 14:05:16,IP Address,*******,100,78,True,2020-12-21 14:05:16,R_3OpFV3w4y2tPWY9,*******,*******,*******,*******,*******,*******,anonymous,EN,Ryk6,less than 5 minutes,Neither agree nor disagree,None,None,Strongly disagree,Somewhat disagree,Somewhat disagree,Strongly disagree,Somewhat disagree,Somewhat agree,Somewhat agree,Somewhat agree,Somewhat agree,Neither agree nor disagree,Somewhat disagree,Strongly disagree,Strongly disagree,Somewhat agree,Somewhat disagree,Somewhat disagree,Somewhat disagree,Somewhat disagree,Neither agree nor disagree,Neither agree nor disagree,Somewhat disagree,I would like to be interviewed next week
2020-12-21 14:04:53,2020-12-21 14:08:40,IP Address,*******,100,226,True,2020-12-21 14:08:40,R_1eQdR4ux32r2Drz,*******,*******,*******,*******,*******,*******,anonymous,EN,ayl36,10 - 15 minutes,Strongly agree,5,0,Strongly agree,Strongly agree,Somewhat agree,Strongly agree,Somewhat agree,Strongly agree,Strongly agree,Neither agree nor disagree,Somewhat agree,Somewhat agree,Somewhat agree,Strongly agree,Strongly agree,Strongly agree,Strongly agree,Strongly agree,Strongly agree,Strongly agree,Strongly agree,Strongly agree,Strongly agree,I would like to be interviewed next week
2020-12-21 14:24:25,2020-12-21 14:28:13,IP Address,*******,100,228,True,2020-12-21 14:28:13,R_BG8mvk27ERrxh6N,*******,*******,*******,*******,*******,*******,anonymous,EN,alh297,5 to 10 minutes,Somewhat agree,1,0,Somewhat agree,Somewhat agree,Strongly agree,Somewhat agree,Strongly agree,Strongly agree,Somewhat agree,Neither agree nor disagree,Somewhat agree,Somewhat agree,Neither agree nor disagree,Somewhat agree,Somewhat agree,Strongly agree,Strongly agree,Neither agree nor disagree,Neither agree nor disagree,Somewhat agree,Somewhat agree,Neither agree nor disagree,Strongly agree,I would not like to be interviewed
2020-12-21 14:28:31,2020-12-21 14:30:35,IP Address,*******,100,124,True,2020-12-21 14:30:36,R_3nBM9YzWxxbBf9F,*******,*******,*******,*******,*******,*******,anonymous,EN,sl2878,10 - 15 minutes,Somewhat agree,1,1,Somewhat agree,Strongly agree,Somewhat agree,Somewhat disagree,Strongly agree,Strongly agree,Strongly agree,Somewhat agree,Strongly agree,Neither agree nor disagree,Neither agree nor disagree,Somewhat agree,Neither agree nor disagree,Strongly agree,Somewhat agree,Somewhat agree,Strongly agree,Strongly agree,Strongly agree,Neither agree nor disagree,Strongly agree,I would not like to be interviewed
2020-12-21 14:34:15,2020-12-21 14:37:05,IP Address,*******,100,169,True,2020-12-21 14:37:05,R_prqyF9wyEJrNFGp,*******,*******,*******,*******,*******,*******,anonymous,EN,"dar347 ",less than 5 minutes,Strongly agree,0,0,Somewhat agree,Strongly agree,Somewhat agree,Somewhat agree,Strongly agree,Strongly agree,Somewhat agree,Neither agree nor disagree,Somewhat agree,Somewhat agree,Neither agree nor disagree,Somewhat agree,Somewhat disagree,Strongly agree,Somewhat agree,Somewhat agree,Somewhat agree,Somewhat agree,Strongly agree,Strongly agree,Strongly agree,I would not like to be interviewed
2020-12-21 14:32:17,2020-12-21 14:37:25,IP Address,*******,100,308,True,2020-12-21 14:37:25,R_3D7USMRiGQoavdD,*******,*******,*******,*******,*******,*******,anonymous,EN,asf223,5 to 10 minutes,Strongly agree,2,0,Somewhat agree,Somewhat agree,Somewhat agree,Strongly disagree,Somewhat agree,Somewhat agree,Somewhat agree,Neither agree nor disagree,Somewhat agree,Somewhat disagree,Somewhat agree,Somewhat disagree,Somewhat agree,Somewhat agree,Neither agree nor disagree,Somewhat agree,Somewhat disagree,Somewhat disagree,Strongly agree,Strongly agree,Strongly agree,I would not like to be interviewed
2020-12-21 14:23:20,2020-12-21 14:38:23,IP Address,*******,100,903,True,2020-12-21 14:38:23,R_2P693NIwjWWLz3Q,*******,*******,*******,*******,*******,*******,anonymous,EN,dw562,10 - 15 minutes,Somewhat agree,1,1,Strongly agree,Strongly agree,Somewhat agree,Somewhat agree,Strongly agree,Somewhat agree,Strongly agree,Somewhat agree,Strongly agree,Strongly agree,Strongly agree,Strongly agree,Strongly agree,Strongly agree,Strongly agree,Strongly agree,Strongly agree,Strongly agree,Strongly agree,Strongly agree,Strongly agree,I would like to be interviewed this week
2020-12-21 14:41:58,2020-12-21 14:44:17,IP Address,*******,100,139,True,2020-12-21 14:44:17,R_2y3DC5egJoohTJ7,*******,*******,*******,*******,*******,*******,anonymous,EN,crh227,less than 5 minutes,Neither agree nor disagree,,,Neither agree nor disagree,Somewhat agree,Somewhat agree,Neither agree nor disagree,Neither agree nor disagree,Somewhat agree,Somewhat agree,Somewhat agree,Somewhat agree,Somewhat agree,Somewhat disagree,Neither agree nor disagree,Strongly disagree,Somewhat disagree,Somewhat agree,Somewhat agree,Neither agree nor disagree,Neither agree nor disagree,Somewhat agree,Somewhat agree,Somewhat agree,I would not like to be interviewed
2020-12-21 14:24:37,2020-12-21 14:45:15,IP Address,*******,100,1238,True,2020-12-21 14:45:16,R_2zhUOYM0R5N7gOJ,*******,*******,*******,*******,*******,*******,anonymous,EN,smc479,5 to 10 minutes,Strongly agree,"I'm now familiar with a lot more people (probably 10-20) after participating in this project. ",I did not make any new friends by participating in this project.,Somewhat agree,Somewhat agree,Strongly agree,Strongly agree,Strongly agree,Strongly agree,Strongly agree,Strongly agree,Strongly agree,Somewhat agree,Somewhat agree,Strongly agree,Somewhat agree,Strongly agree,Strongly agree,Strongly agree,Strongly agree,Strongly agree,Strongly agree,Strongly agree,Strongly agree,I would like to be interviewed sometime next year
2020-12-21 14:45:05,2020-12-21 14:46:22,IP Address,*******,100,77,True,2020-12-21 14:46:23,R_1j7dqvkxZ76gAYp,*******,*******,*******,*******,*******,*******,anonymous,EN,Mtt58,10 - 15 minutes,Strongly agree,2,0,Somewhat agree,Somewhat agree,Somewhat agree,Somewhat agree,Somewhat agree,Somewhat agree,Somewhat agree,Somewhat agree,Somewhat agree,Somewhat agree,Somewhat agree,Somewhat agree,Somewhat disagree,Somewhat disagree,Neither agree nor disagree,Somewhat agree,Neither agree nor disagree,Neither agree nor disagree,Somewhat agree,Somewhat agree,Somewhat agree,I would not like to be interviewed
2020-12-21 14:44:30,2020-12-21 14:46:58,IP Address,*******,100,147,True,2020-12-21 14:46:58,R_Wes9RMTLnAWg4Hn,*******,*******,*******,*******,*******,*******,anonymous,EN,sc2538,5 to 10 minutes,Somewhat agree,0,0,Somewhat agree,Somewhat agree,Somewhat agree,Neither agree nor disagree,Neither agree nor disagree,Neither agree nor disagree,Somewhat agree,Somewhat agree,Somewhat agree,Somewhat agree,Somewhat agree,Somewhat agree,Neither agree nor disagree,Neither agree nor disagree,Neither agree nor disagree,Somewhat disagree,Somewhat agree,Somewhat agree,Neither agree nor disagree,Somewhat agree,Neither agree nor disagree,I would not like to be interviewed
2020-12-21 14:52:48,2020-12-21 14:53:48,IP Address,*******,100,59,True,2020-12-21 14:53:48,R_A5JVgysQBcXVfax,*******,*******,*******,*******,*******,*******,anonymous,EN,apm234,5 to 10 minutes,Strongly agree,4,0,Strongly agree,Strongly agree,,Somewhat agree,Somewhat agree,Somewhat agree,Somewhat agree,Somewhat agree,Somewhat agree,Somewhat agree,Somewhat agree,Somewhat agree,Somewhat agree,Somewhat agree,Somewhat agree,Somewhat agree,Somewhat agree,Somewhat agree,Strongly agree,Strongly agree,Strongly agree,I would like to be interviewed next week
2020-12-21 14:56:23,2020-12-21 15:00:25,IP Address,*******,100,242,True,2020-12-21 15:00:25,R_3HzCGuOtT4oH9NU,*******,*******,*******,*******,*******,*******,anonymous,EN,Db632,5 to 10 minutes,Strongly agree,Like 4 or 5,Not new friends but itâ€™s good to know more people,Strongly agree,Strongly agree,Somewhat agree,Strongly agree,Strongly agree,Strongly agree,Strongly agree,Neither agree nor disagree,Neither agree nor disagree,Strongly agree,Somewhat agree,Somewhat agree,Strongly agree,Strongly agree,Strongly agree,Strongly agree,Somewhat agree,Strongly agree,Strongly agree,Strongly agree,Strongly agree,I would like to be interviewed next week
2020-12-21 15:00:00,2020-12-21 15:01:20,IP Address,*******,100,80,True,2020-12-21 15:01:21,R_XsQG74Us5uWpUOt,*******,*******,*******,*******,*******,*******,anonymous,EN,mtg86,5 to 10 minutes,Somewhat agree,0,0,Somewhat agree,Somewhat agree,Somewhat agree,Strongly agree,Strongly agree,Strongly agree,Strongly agree,Somewhat agree,Somewhat agree,Somewhat agree,Somewhat agree,Somewhat agree,Neither agree nor disagree,Somewhat agree,Somewhat agree,Somewhat agree,Somewhat agree,Somewhat agree,Somewhat agree,Somewhat agree,Somewhat agree,I would not like to be interviewed
2020-12-21 15:07:40,2020-12-21 15:09:45,IP Address,*******,100,124,True,2020-12-21 15:09:45,R_1hWLzPWgvxUELwp,*******,*******,*******,*******,*******,*******,anonymous,EN,Wmr43,10 - 15 minutes,Strongly agree,3,1,Strongly agree,Strongly agree,Strongly agree,Somewhat disagree,Neither agree nor disagree,Somewhat agree,Strongly agree,Somewhat disagree,Somewhat agree,Somewhat agree,Strongly agree,Strongly agree,Strongly agree,Strongly agree,Strongly agree,Strongly agree,Strongly agree,Strongly agree,Strongly agree,Strongly agree,Strongly agree,I would not like to be interviewed
2020-12-21 15:13:17,2020-12-21 15:16:50,IP Address,*******,100,212,True,2020-12-21 15:16:50,R_tQa2LySGIuH3Ynn,*******,*******,*******,*******,*******,*******,anonymous,EN,mab635,5 to 10 minutes,Strongly agree,3,0,Strongly agree,Somewhat agree,Strongly agree,Strongly agree,Strongly agree,Strongly agree,Strongly agree,Strongly agree,Strongly agree,Strongly agree,Strongly agree,Strongly agree,Strongly agree,Strongly agree,Somewhat agree,Strongly agree,Somewhat agree,Strongly agree,Strongly agree,Strongly agree,Strongly agree,I would like to be interviewed next week
2020-12-21 15:22:36,2020-12-21 15:25:14,IP Address,*******,100,157,True,2020-12-21 15:25:14,R_3Mnw3o7w0EeYJnD,*******,*******,*******,*******,*******,*******,anonymous,EN,Gnp23,less than 5 minutes,Strongly agree,None,None,Somewhat agree,Somewhat agree,Somewhat agree,Strongly agree,Strongly agree,Strongly agree,Somewhat agree,Neither agree nor disagree,Somewhat agree,Somewhat agree,Neither agree nor disagree,Strongly agree,Strongly agree,Strongly agree,Strongly agree,Strongly agree,Strongly agree,Somewhat agree,Strongly agree,Strongly agree,Strongly agree,I would not like to be interviewed
2020-12-21 15:05:05,2020-12-21 15:28:16,IP Address,*******,100,1390,True,2020-12-21 15:28:16,R_3LX5DETrfGR8622,*******,*******,*******,*******,*******,*******,anonymous,EN,mar493,5 to 10 minutes,Strongly agree,0,0,Neither agree nor disagree,Neither agree nor disagree,Neither agree nor disagree,Somewhat agree,Strongly agree,Neither agree nor disagree,Somewhat agree,Neither agree nor disagree,Somewhat agree,Neither agree nor disagree,Strongly disagree,Somewhat agree,Strongly disagree,Somewhat agree,Somewhat agree,Somewhat agree,Somewhat agree,Somewhat agree,Strongly agree,Somewhat agree,Somewhat agree,I would like to be interviewed sometime next year
2020-12-21 15:32:50,2020-12-21 15:37:00,IP Address,*******,100,249,True,2020-12-21 15:37:00,R_2ctM032pniO41X6,*******,*******,*******,*******,*******,*******,anonymous,EN,Nv86,less than 5 minutes,Somewhat agree,3~4,,Somewhat agree,Somewhat agree,Somewhat agree,Somewhat agree,Somewhat agree,Somewhat agree,Somewhat agree,Somewhat agree,Somewhat agree,Somewhat agree,Somewhat agree,Somewhat agree,Somewhat agree,Strongly agree,Neither agree nor disagree,Neither agree nor disagree,Neither agree nor disagree,Somewhat agree,Somewhat agree,Neither agree nor disagree,Somewhat agree,I would not like to be interviewed
2020-12-21 15:38:16,2020-12-21 15:39:50,IP Address,*******,100,94,True,2020-12-21 15:39:50,R_2VEnBFhgTKQCrcO,*******,*******,*******,*******,*******,*******,anonymous,EN,Jey36,10 - 15 minutes,Somewhat agree,1,0,Somewhat agree,Strongly agree,Somewhat agree,Somewhat disagree,Somewhat agree,Somewhat agree,Somewhat agree,Somewhat agree,Somewhat agree,Somewhat agree,Neither agree nor disagree,Neither agree nor disagree,Neither agree nor disagree,Somewhat agree,Somewhat agree,Somewhat agree,Somewhat agree,Somewhat agree,Strongly agree,Strongly agree,Strongly agree,I would not like to be interviewed
2020-12-21 15:38:26,2020-12-21 15:40:51,IP Address,*******,100,144,True,2020-12-21 15:40:51,R_3panZLAMC20PMSy,*******,*******,*******,*******,*******,*******,anonymous,EN,asc327,5 to 10 minutes,Somewhat agree,3,0,Somewhat agree,Somewhat agree,Neither agree nor disagree,Somewhat disagree,Somewhat disagree,Somewhat agree,Somewhat agree,Neither agree nor disagree,Somewhat agree,Somewhat agree,Somewhat agree,Somewhat agree,Neither agree nor disagree,Neither agree nor disagree,Somewhat agree,Somewhat agree,Somewhat agree,Somewhat agree,Somewhat agree,Somewhat agree,Strongly agree,I would like to be interviewed this week
2020-12-21 15:46:23,2020-12-21 15:47:43,IP Address,*******,100,79,True,2020-12-21 15:47:43,R_Yc62yCmB5y2xAdz,*******,*******,*******,*******,*******,*******,anonymous,EN,Cag282,5 to 10 minutes,Strongly agree,3,2,Strongly agree,Strongly agree,Strongly agree,Strongly agree,Somewhat agree,Strongly agree,Strongly agree,Strongly agree,Strongly agree,Strongly agree,Strongly agree,Strongly agree,Strongly agree,Strongly agree,Strongly agree,Strongly agree,Strongly agree,Strongly agree,Strongly agree,Strongly agree,Strongly agree,I would not like to be interviewed
2020-12-21 13:43:59,2020-12-21 16:28:42,IP Address,*******,100,9882,True,2020-12-21 16:28:42,R_2A0xkzw6YNxkiEs,*******,*******,*******,*******,*******,*******,anonymous,EN,Lh488,5 to 10 minutes,Strongly agree,1-2,1-2,Somewhat agree,Somewhat agree,Somewhat agree,Somewhat agree,Somewhat agree,Somewhat agree,Somewhat agree,Somewhat agree,Strongly agree,Somewhat agree,Somewhat agree,Somewhat agree,Somewhat agree,Somewhat agree,Somewhat agree,Somewhat agree,Somewhat agree,Somewhat agree,Somewhat agree,Somewhat agree,Somewhat agree,I would like to be interviewed next week
2020-12-21 16:27:20,2020-12-21 16:32:18,IP Address,*******,100,298,True,2020-12-21 16:32:19,R_2CeLwPOyQKvzYtc,*******,*******,*******,*******,*******,*******,anonymous,EN,kz225,5 to 10 minutes,Strongly agree,4,0,Somewhat agree,Somewhat agree,Somewhat agree,Strongly agree,Strongly agree,Somewhat agree,Somewhat agree,Neither agree nor disagree,Somewhat agree,Somewhat agree,Somewhat agree,Somewhat agree,Somewhat agree,Strongly agree,Somewhat agree,Strongly agree,Somewhat agree,Strongly agree,Somewhat agree,Strongly agree,Strongly agree,I would like to be interviewed sometime next year
2020-12-21 17:05:44,2020-12-21 17:07:21,IP Address,*******,100,96,True,2020-12-21 17:07:21,R_2ZEwbnmFMFiF1Cl,*******,*******,*******,*******,*******,*******,anonymous,EN,sak299,5 to 10 minutes,Somewhat agree,0,0,Strongly agree,Somewhat agree,Somewhat agree,Somewhat disagree,Somewhat disagree,Somewhat agree,Somewhat agree,Strongly agree,Strongly agree,Neither agree nor disagree,Somewhat agree,Somewhat agree,Strongly agree,Strongly agree,Somewhat agree,Strongly agree,Strongly agree,Somewhat agree,Strongly agree,Strongly agree,Strongly agree,I would not like to be interviewed
2020-12-21 17:24:41,2020-12-21 17:26:09,IP Address,*******,100,87,True,2020-12-21 17:26:09,R_3qCY5hN2NJ1qs8s,*******,*******,*******,*******,*******,*******,anonymous,EN,ds799,10 - 15 minutes,Somewhat agree,5,3,Somewhat agree,Somewhat agree,Strongly agree,Neither agree nor disagree,Somewhat agree,Somewhat agree,Strongly agree,Neither agree nor disagree,Somewhat agree,Somewhat agree,Strongly agree,Somewhat agree,Strongly agree,Somewhat agree,Somewhat agree,Strongly agree,Strongly agree,Strongly agree,Strongly agree,Strongly agree,Somewhat agree,I would like to be interviewed sometime next year
2020-12-21 17:44:03,2020-12-21 17:46:25,IP Address,*******,100,141,True,2020-12-21 17:46:25,R_29rZT6ET34RqzF5,*******,*******,*******,*******,*******,*******,anonymous,EN,as2582,less than 5 minutes,Somewhat agree,2,0,Somewhat agree,Neither agree nor disagree,Neither agree nor disagree,Neither agree nor disagree,Somewhat agree,Somewhat agree,Somewhat agree,Somewhat agree,Somewhat agree,Somewhat agree,Somewhat agree,Somewhat agree,Somewhat agree,Somewhat agree,Somewhat agree,Somewhat agree,Somewhat agree,Somewhat agree,Somewhat agree,Somewhat agree,Somewhat agree,I would not like to be interviewed
2020-12-21 18:11:36,2020-12-21 18:13:08,IP Address,*******,100,91,True,2020-12-21 18:13:08,R_1PTzUWD7JpCpKFz,*******,*******,*******,*******,*******,*******,anonymous,EN,edk55,less than 5 minutes,Neither agree nor disagree,0,0,Somewhat agree,Somewhat agree,Somewhat agree,Neither agree nor disagree,Neither agree nor disagree,Somewhat agree,Somewhat agree,Somewhat agree,Somewhat agree,Neither agree nor disagree,Neither agree nor disagree,Somewhat agree,Neither agree nor disagree,Somewhat agree,Somewhat agree,Somewhat agree,Somewhat agree,Somewhat agree,Somewhat agree,Somewhat agree,Somewhat agree,I would not like to be interviewed
2020-12-21 18:36:41,2020-12-21 18:40:20,IP Address,*******,100,219,True,2020-12-21 18:40:21,R_2BzYUeFhaXNAGJl,*******,*******,*******,*******,*******,*******,anonymous,EN,sm2259,10 - 15 minutes,Somewhat agree,0,0,Somewhat agree,Somewhat agree,Neither agree nor disagree,Neither agree nor disagree,Neither agree nor disagree,Somewhat agree,Somewhat agree,Neither agree nor disagree,Somewhat agree,Neither agree nor disagree,Neither agree nor disagree,Neither agree nor disagree,Somewhat agree,Somewhat agree,Somewhat disagree,Somewhat agree,Somewhat agree,Neither agree nor disagree,Neither agree nor disagree,Somewhat agree,Neither agree nor disagree,I would like to be interviewed sometime next year
2020-12-21 18:57:08,2020-12-21 18:59:27,IP Address,*******,100,139,True,2020-12-21 18:59:28,R_3RjX1fD23FiYZuj,*******,*******,*******,*******,*******,*******,anonymous,EN,arf73,10 - 15 minutes,Somewhat agree,"Not very many. I tried to follow some. ","Not really any. I could have reached out more to the students, but I did enjoy seeing their photos and commenting on them. ",Somewhat agree,Somewhat agree,Somewhat agree,Somewhat disagree,Strongly agree,Strongly agree,Strongly agree,Strongly agree,Strongly agree,Neither agree nor disagree,Somewhat disagree,Somewhat agree,Somewhat agree,Somewhat agree,Neither agree nor disagree,Somewhat agree,Somewhat agree,Somewhat agree,Somewhat agree,Somewhat agree,Somewhat agree,I would not like to be interviewed
2020-12-21 19:07:53,2020-12-21 19:10:02,IP Address,*******,100,128,True,2020-12-21 19:10:03,R_xm9wTgNcxs7CuZP,*******,*******,*******,*******,*******,*******,anonymous,EN,Adh238,5 to 10 minutes,Strongly agree,15,0,Neither agree nor disagree,Neither agree nor disagree,Strongly disagree,Somewhat agree,Neither agree nor disagree,Somewhat agree,Somewhat agree,Neither agree nor disagree,Neither agree nor disagree,Somewhat disagree,Neither agree nor disagree,Somewhat agree,Strongly agree,Somewhat agree,Somewhat disagree,Somewhat agree,Strongly disagree,Somewhat agree,Somewhat agree,Somewhat agree,Strongly agree,I would not like to be interviewed
2020-12-21 19:12:14,2020-12-21 19:14:37,IP Address,*******,100,143,True,2020-12-21 19:14:37,R_268WNQhFPDrHCWO,*******,*******,*******,*******,*******,*******,anonymous,EN,sak357,5 to 10 minutes,Strongly agree,2,0,Somewhat agree,Somewhat agree,Neither agree nor disagree,,Somewhat agree,Somewhat agree,Somewhat agree,Somewhat agree,Somewhat agree,Somewhat agree,Somewhat disagree,Neither agree nor disagree,Neither agree nor disagree,Somewhat agree,Somewhat agree,Strongly agree,Neither agree nor disagree,Neither agree nor disagree,Strongly agree,Strongly agree,Strongly agree,I would not like to be interviewed
2020-12-21 19:13:24,2020-12-21 19:15:18,IP Address,*******,100,114,True,2020-12-21 19:15:19,R_2zipzN8ZAnjzh8K,*******,*******,*******,*******,*******,*******,anonymous,EN,ms2637,5 to 10 minutes,Strongly agree,0,0,Strongly agree,Somewhat agree,Somewhat agree,Somewhat agree,Neither agree nor disagree,Somewhat agree,Somewhat agree,Somewhat agree,Strongly agree,Somewhat agree,Strongly agree,Strongly agree,Strongly agree,Strongly agree,Somewhat agree,Strongly agree,Somewhat agree,Strongly agree,Strongly agree,Strongly agree,Strongly agree,I would like to be interviewed next week
2020-12-21 19:18:31,2020-12-21 19:20:13,IP Address,*******,100,102,True,2020-12-21 19:20:14,R_1gSV8k9yAVuhb8g,*******,*******,*******,*******,*******,*******,anonymous,EN,aar233,15 - 30 minutes,Strongly agree,10,10,Strongly agree,Strongly agree,Neither agree nor disagree,Somewhat agree,Strongly agree,Strongly agree,Strongly agree,Strongly agree,Strongly agree,Strongly agree,Strongly agree,Strongly agree,Strongly agree,Strongly agree,Strongly agree,Strongly agree,Strongly agree,Somewhat agree,Strongly agree,Strongly agree,Strongly agree,I would like to be interviewed this week
2020-12-21 19:17:21,2020-12-21 19:21:10,IP Address,*******,100,229,True,2020-12-21 19:21:10,R_ze4zc9p50Q7hr0t,*******,*******,*******,*******,*******,*******,anonymous,EN,mpk83,10 - 15 minutes,Strongly agree,0,0,Somewhat agree,Neither agree nor disagree,Neither agree nor disagree,Somewhat disagree,Somewhat agree,Strongly agree,Strongly agree,Strongly agree,Strongly agree,Strongly agree,Somewhat agree,Somewhat agree,Somewhat agree,Strongly agree,Somewhat agree,Somewhat agree,Neither agree nor disagree,Somewhat agree,Strongly agree,Somewhat agree,Strongly agree,I would not like to be interviewed
2020-12-21 19:20:44,2020-12-21 19:23:34,IP Address,*******,100,169,True,2020-12-21 19:23:34,R_8i87qsv03SjOdQ5,*******,*******,*******,*******,*******,*******,anonymous,EN,oao8,5 to 10 minutes,Strongly agree,1,0,Strongly agree,Somewhat agree,Strongly disagree,Somewhat disagree,Somewhat agree,Somewhat agree,Strongly agree,Somewhat agree,Strongly agree,Somewhat agree,Strongly agree,Strongly agree,Strongly agree,Strongly agree,Strongly agree,Strongly agree,Strongly agree,Somewhat agree,Somewhat agree,Somewhat agree,Strongly agree,I would not like to be interviewed
2020-12-21 19:33:26,2020-12-21 19:35:41,IP Address,*******,100,134,True,2020-12-21 19:35:41,R_1KrHoW5ixACtdD2,*******,*******,*******,*******,*******,*******,anonymous,EN,ajl352,10 - 15 minutes,Somewhat agree,5,0,Somewhat agree,Somewhat agree,Somewhat agree,Somewhat disagree,Somewhat agree,Somewhat agree,Strongly agree,Neither agree nor disagree,Somewhat agree,Somewhat agree,Neither agree nor disagree,Somewhat agree,Somewhat disagree,Somewhat agree,Somewhat agree,Somewhat agree,Somewhat agree,Somewhat agree,Strongly agree,Somewhat agree,Strongly agree,I would like to be interviewed next week
2020-12-21 19:36:21,2020-12-21 19:38:19,IP Address,*******,100,117,True,2020-12-21 19:38:19,R_2EtnJlNhuh9TRtt,*******,*******,*******,*******,*******,*******,anonymous,EN,xc246,10 - 15 minutes,Strongly agree,3,3,Strongly agree,Strongly agree,Strongly agree,Strongly agree,Strongly agree,Strongly agree,Strongly agree,Strongly agree,Strongly agree,Strongly agree,Strongly agree,Strongly agree,Strongly agree,Strongly agree,Strongly agree,Strongly agree,Strongly agree,Strongly agree,Strongly agree,Strongly agree,Strongly agree,I would like to be interviewed this week
2020-12-21 19:45:20,2020-12-21 19:47:07,IP Address,*******,100,106,True,2020-12-21 19:47:07,R_BXvnOKxVpoWsmDD,*******,*******,*******,*******,*******,*******,anonymous,EN,nz223,5 to 10 minutes,Strongly agree,1,0,Strongly agree,Somewhat agree,Strongly agree,Strongly agree,Strongly agree,Somewhat agree,Strongly agree,Neither agree nor disagree,Strongly agree,Strongly agree,Somewhat agree,Somewhat agree,Somewhat agree,Strongly agree,Strongly agree,Somewhat agree,Somewhat agree,Somewhat agree,Somewhat agree,Strongly agree,Strongly agree,I would not like to be interviewed
2020-12-21 19:36:17,2020-12-21 19:47:55,IP Address,*******,100,697,True,2020-12-21 19:47:55,R_O2odawl0QcAwK89,*******,*******,*******,*******,*******,*******,anonymous,EN,ht396,5 to 10 minutes,Somewhat agree,2,0,Somewhat agree,Somewhat agree,Somewhat agree,Strongly disagree,Strongly agree,Somewhat agree,Somewhat agree,Strongly agree,Somewhat agree,Somewhat agree,Somewhat disagree,Somewhat agree,Neither agree nor disagree,Somewhat agree,Somewhat agree,Somewhat agree,Somewhat agree,Somewhat agree,Somewhat agree,Somewhat agree,Strongly agree,I would not like to be interviewed
2020-12-21 19:45:50,2020-12-21 19:48:30,IP Address,*******,100,159,True,2020-12-21 19:48:30,R_27D4Ori1VtUIzGy,*******,*******,*******,*******,*******,*******,anonymous,EN,Ime26,less than 5 minutes,Strongly agree,1,1,Somewhat agree,Somewhat agree,Somewhat agree,Somewhat disagree,Somewhat agree,Somewhat agree,Strongly agree,Somewhat agree,Somewhat agree,Strongly agree,Strongly agree,Somewhat disagree,Somewhat agree,Strongly agree,Somewhat agree,Somewhat agree,Somewhat agree,Somewhat agree,Strongly agree,Strongly agree,Strongly agree,I would like to be interviewed this week
2020-12-21 19:48:17,2020-12-21 19:53:10,IP Address,*******,100,293,True,2020-12-21 19:53:11,R_RxZdH0cQycFGQmd,*******,*******,*******,*******,*******,*******,anonymous,EN,ta279,5 to 10 minutes,Strongly agree,3,0,Strongly agree,Strongly agree,Strongly agree,Somewhat agree,Strongly agree,Somewhat disagree,Neither agree nor disagree,Somewhat agree,Somewhat agree,Neither agree nor disagree,Somewhat disagree,Somewhat disagree,Somewhat disagree,Somewhat agree,Somewhat disagree,Somewhat agree,Somewhat disagree,Somewhat agree,Strongly agree,Somewhat agree,Strongly agree,I would like to be interviewed this week
2020-12-21 19:35:36,2020-12-21 20:15:19,IP Address,*******,100,2383,True,2020-12-21 20:15:19,R_3JwL03RSFtWgs7U,*******,*******,*******,*******,*******,*******,anonymous,EN,bmm97,10 - 15 minutes,Somewhat agree,0,0,Somewhat agree,Somewhat agree,Somewhat agree,Strongly agree,Strongly agree,Somewhat agree,Somewhat agree,Strongly agree,Somewhat agree,Somewhat agree,Strongly agree,Somewhat agree,Somewhat agree,Somewhat agree,Somewhat agree,Somewhat agree,Somewhat agree,Somewhat agree,Somewhat agree,Somewhat agree,Somewhat agree,I would like to be interviewed this week
2020-12-21 20:22:54,2020-12-21 20:28:03,IP Address,*******,100,308,True,2020-12-21 20:28:03,R_1LkcyYqbfPjNaOB,*******,*******,*******,*******,*******,*******,anonymous,EN,kl736,5 to 10 minutes,Strongly agree,2,0,Strongly agree,Somewhat agree,Somewhat agree,Neither agree nor disagree,Neither agree nor disagree,Somewhat disagree,Neither agree nor disagree,Neither agree nor disagree,Somewhat agree,Neither agree nor disagree,Somewhat agree,Somewhat agree,Somewhat agree,Somewhat agree,Somewhat agree,Strongly agree,Somewhat agree,Strongly agree,Strongly agree,Strongly agree,Strongly agree,I would like to be interviewed sometime next year
2020-12-21 20:32:15,2020-12-21 20:34:51,IP Address,*******,100,155,True,2020-12-21 20:34:51,R_2Cg1zLN5Fl9R30v,*******,*******,*******,*******,*******,*******,anonymous,EN,bcp44,5 to 10 minutes,Somewhat agree,1,0,Neither agree nor disagree,Neither agree nor disagree,Somewhat agree,Somewhat agree,Somewhat agree,Neither agree nor disagree,Somewhat agree,Somewhat agree,Somewhat agree,Neither agree nor disagree,Somewhat agree,Somewhat agree,Somewhat agree,Strongly agree,Neither agree nor disagree,Strongly agree,Neither agree nor disagree,Somewhat agree,Strongly agree,Strongly agree,Strongly agree,I would like to be interviewed sometime next year
2020-12-21 20:35:09,2020-12-21 20:37:56,IP Address,*******,100,167,True,2020-12-21 20:37:57,R_bOavQB8Vtnsiuc1,*******,*******,*******,*******,*******,*******,anonymous,EN,hdj24,10 - 15 minutes,Somewhat agree,n/a,n/a,Somewhat agree,Strongly agree,Somewhat agree,Somewhat agree,Strongly agree,Strongly agree,Strongly agree,Strongly agree,Strongly agree,Neither agree nor disagree,Somewhat agree,Strongly agree,Somewhat agree,Strongly agree,Strongly agree,Strongly agree,Strongly agree,Strongly agree,Strongly agree,Strongly agree,Strongly agree,I would like to be interviewed next week
2020-12-21 20:42:16,2020-12-21 20:44:40,IP Address,*******,100,144,True,2020-12-21 20:44:40,R_1Cr4nFwQ8Qsf0dj,*******,*******,*******,*******,*******,*******,anonymous,EN,ath84,5 to 10 minutes,Somewhat agree,10,0,Neither agree nor disagree,Somewhat agree,Somewhat agree,Somewhat disagree,Neither agree nor disagree,Neither agree nor disagree,Neither agree nor disagree,Neither agree nor disagree,Neither agree nor disagree,Neither agree nor disagree,Somewhat disagree,Somewhat disagree,Neither agree nor disagree,Somewhat agree,Neither agree nor disagree,Somewhat agree,Somewhat disagree,Somewhat agree,Somewhat agree,Somewhat agree,Somewhat agree,I would not like to be interviewed
2020-12-21 20:44:50,2020-12-21 21:05:32,IP Address,*******,100,1242,True,2020-12-21 21:05:32,R_2TWXQjX8owkJW4N,*******,*******,*******,*******,*******,*******,anonymous,EN,st896,5 to 10 minutes,Strongly agree,0,0,Somewhat agree,Somewhat agree,Neither agree nor disagree,Somewhat agree,Somewhat agree,Somewhat agree,Somewhat agree,Neither agree nor disagree,Somewhat agree,Somewhat agree,Somewhat agree,Somewhat agree,Somewhat agree,Somewhat agree,Somewhat agree,Somewhat agree,Somewhat agree,Somewhat agree,Somewhat agree,Somewhat agree,Somewhat agree,I would not like to be interviewed
2020-12-21 21:04:16,2020-12-21 21:07:08,IP Address,*******,100,172,True,2020-12-21 21:07:09,R_23e3QWJdxPqylNG,*******,*******,*******,*******,*******,*******,anonymous,EN,kz88,5 to 10 minutes,Strongly agree,3,5,Strongly agree,Somewhat agree,Somewhat agree,Somewhat disagree,Strongly agree,Strongly agree,Strongly agree,Somewhat agree,Strongly agree,Somewhat disagree,Somewhat disagree,Somewhat agree,Somewhat disagree,Strongly agree,Strongly agree,Strongly agree,Somewhat agree,Strongly agree,Strongly agree,Strongly agree,Strongly agree,I would like to be interviewed next week
2020-12-21 21:28:59,2020-12-21 21:30:59,IP Address,*******,100,120,True,2020-12-21 21:30:59,R_xhduSA2AwMTniqB,*******,*******,*******,*******,*******,*******,anonymous,EN,Mmm472,5 to 10 minutes,Somewhat agree,3,2,Strongly agree,Somewhat agree,Somewhat agree,Somewhat disagree,Somewhat disagree,Somewhat agree,Somewhat agree,Neither agree nor disagree,Somewhat agree,Somewhat agree,Strongly agree,Somewhat agree,Strongly agree,Somewhat agree,Somewhat agree,Somewhat agree,Somewhat agree,Strongly agree,Somewhat agree,Somewhat agree,Somewhat agree,I would not like to be interviewed
2020-12-21 21:49:45,2020-12-21 21:51:21,IP Address,*******,100,95,True,2020-12-21 21:51:21,R_241O4VbAAR0AyZW,*******,*******,*******,*******,*******,*******,anonymous,EN,ajx9,5 to 10 minutes,Strongly agree,10,2,Strongly agree,Somewhat agree,Strongly agree,Somewhat agree,Strongly agree,Somewhat agree,Somewhat agree,Somewhat agree,Neither agree nor disagree,Somewhat agree,Strongly agree,Strongly agree,Somewhat agree,Somewhat agree,Somewhat agree,Somewhat agree,Somewhat agree,Strongly agree,Strongly agree,Strongly agree,Strongly agree,I would not like to be interviewed
2020-12-21 21:55:55,2020-12-21 21:58:55,IP Address,*******,100,179,True,2020-12-21 21:58:55,R_1FkBIhMq7qz2zSJ,*******,*******,*******,*******,*******,*******,anonymous,EN,mwm232,5 to 10 minutes,Somewhat agree,0,0,Somewhat agree,Neither agree nor disagree,Somewhat disagree,Somewhat disagree,Somewhat disagree,Somewhat disagree,Somewhat disagree,Somewhat disagree,Somewhat disagree,Somewhat disagree,Neither agree nor disagree,Somewhat agree,Neither agree nor disagree,Somewhat disagree,Neither agree nor disagree,Neither agree nor disagree,Somewhat disagree,Somewhat agree,Somewhat agree,Somewhat agree,Somewhat agree,I would not like to be interviewed
2020-12-21 22:00:35,2020-12-21 22:02:44,IP Address,*******,100,128,True,2020-12-21 22:02:44,R_28G08QLPEFMf49l,*******,*******,*******,*******,*******,*******,anonymous,EN,za39,5 to 10 minutes,Strongly agree,0,0,Strongly agree,Somewhat agree,Somewhat agree,Somewhat agree,Strongly agree,Strongly agree,Strongly agree,Somewhat disagree,Strongly agree,Strongly agree,Somewhat disagree,Strongly agree,Somewhat disagree,Strongly agree,Strongly agree,Strongly agree,Strongly agree,Strongly agree,Strongly agree,Strongly agree,Strongly agree,I would not like to be interviewed
2020-12-21 22:08:24,2020-12-21 22:15:26,IP Address,*******,100,421,True,2020-12-21 22:15:26,R_3iDqr1G2Q8xArZW,*******,*******,*******,*******,*******,*******,anonymous,EN,al2476,10 - 15 minutes,Strongly agree,none,none,Somewhat agree,Neither agree nor disagree,Somewhat disagree,Somewhat disagree,Somewhat agree,Somewhat agree,Somewhat agree,Strongly agree,Strongly agree,Somewhat disagree,Somewhat agree,Somewhat agree,Somewhat disagree,Strongly agree,Strongly agree,Strongly agree,Strongly agree,Strongly agree,Somewhat agree,Somewhat agree,Strongly agree,I would like to be interviewed next week
2020-12-21 22:16:17,2020-12-21 22:21:29,IP Address,*******,100,311,True,2020-12-21 22:21:29,R_2zdqZhbQp1PwU3U,*******,*******,*******,*******,*******,*******,anonymous,EN,asp262,5 to 10 minutes,Neither agree nor disagree,0,0,Neither agree nor disagree,Neither agree nor disagree,Somewhat disagree,Somewhat agree,Strongly agree,Neither agree nor disagree,Somewhat agree,Neither agree nor disagree,Somewhat agree,Somewhat agree,Somewhat agree,Neither agree nor disagree,Strongly agree,Strongly agree,Somewhat agree,Somewhat agree,Neither agree nor disagree,Neither agree nor disagree,Somewhat agree,Strongly agree,Strongly agree,I would not like to be interviewed
2020-12-21 22:48:55,2020-12-21 22:50:37,IP Address,*******,100,101,True,2020-12-21 22:50:37,R_2ctnnDl9ywZYguG,*******,*******,*******,*******,*******,*******,anonymous,EN,wtm54,5 to 10 minutes,Somewhat agree,3,0,Strongly agree,Strongly agree,Somewhat agree,Somewhat agree,Strongly agree,Somewhat agree,Strongly agree,Somewhat disagree,Strongly agree,Strongly agree,Somewhat agree,Somewhat agree,Somewhat disagree,Somewhat agree,Somewhat agree,Somewhat agree,Somewhat agree,Somewhat agree,Somewhat agree,Somewhat agree,Strongly agree,I would not like to be interviewed
2020-12-21 22:38:28,2020-12-21 22:51:38,IP Address,*******,100,789,True,2020-12-21 22:51:38,R_1l4PyJ0r0Hrw2gN,*******,*******,*******,*******,*******,*******,anonymous,EN,ty282,15 - 30 minutes,Strongly agree,30,2,Somewhat agree,Somewhat agree,Strongly agree,Somewhat agree,Strongly agree,Neither agree nor disagree,Somewhat agree,Strongly agree,Strongly agree,Somewhat agree,Neither agree nor disagree,Somewhat disagree,Neither agree nor disagree,Somewhat agree,Somewhat agree,Strongly agree,Somewhat disagree,Strongly agree,Strongly agree,Strongly agree,Strongly agree,I would like to be interviewed this week
2020-12-22 01:45:29,2020-12-22 02:07:18,IP Address,*******,100,1308,True,2020-12-22 02:07:18,R_2zXPddqAlKXrOzB,*******,*******,*******,*******,*******,*******,anonymous,EN,nkg24,5 to 10 minutes,Strongly agree,1,0,Somewhat agree,Somewhat agree,Somewhat agree,Somewhat agree,Somewhat agree,Somewhat agree,Somewhat agree,Neither agree nor disagree,Somewhat agree,Somewhat agree,Somewhat agree,Neither agree nor disagree,Somewhat agree,Strongly agree,Strongly agree,Somewhat agree,Somewhat agree,Somewhat agree,Strongly agree,Strongly agree,Strongly agree,I would like to be interviewed sometime next year
2020-12-22 07:21:18,2020-12-22 07:26:09,IP Address,*******,100,291,True,2020-12-22 07:26:10,R_10pzVmoknkpFUnV,*******,*******,*******,*******,*******,*******,anonymous,EN,ctc85,5 to 10 minutes,Somewhat agree,"I don't know them well, but since I had to comment on 2 posts every time, I know a hand-full of people ","I would not consider them my friends, but I did learn some unexpected things from the posts of some people.",Neither agree nor disagree,Neither agree nor disagree,Somewhat agree,Somewhat disagree,Somewhat agree,Somewhat agree,Somewhat agree,Neither agree nor disagree,Somewhat agree,Neither agree nor disagree,Neither agree nor disagree,Neither agree nor disagree,Neither agree nor disagree,Somewhat agree,Somewhat agree,Strongly agree,Neither agree nor disagree,Strongly agree,Somewhat agree,Neither agree nor disagree,Somewhat agree,I would like to be interviewed this week
2020-12-22 08:52:27,2020-12-22 08:54:31,IP Address,*******,100,123,True,2020-12-22 08:54:31,R_3GkOWrFUYb22kl4,*******,*******,*******,*******,*******,*******,anonymous,EN,yh744,less than 5 minutes,Neither agree nor disagree,2,0,Somewhat agree,Neither agree nor disagree,Neither agree nor disagree,Somewhat disagree,Strongly disagree,Somewhat disagree,Strongly disagree,Somewhat agree,Neither agree nor disagree,Somewhat disagree,Somewhat agree,Somewhat agree,Strongly agree,Somewhat agree,Neither agree nor disagree,Somewhat agree,Somewhat agree,Somewhat agree,Somewhat agree,Somewhat agree,Somewhat agree,I would not like to be interviewed
2020-12-22 09:29:31,2020-12-22 09:37:06,IP Address,*******,100,455,True,2020-12-22 09:37:07,R_2S6S1GZXxlLrztm,*******,*******,*******,*******,*******,*******,anonymous,EN,bag222,5 to 10 minutes,Strongly agree,2-3,0,Strongly agree,Strongly agree,Somewhat agree,Somewhat agree,Somewhat agree,Strongly agree,Strongly agree,Neither agree nor disagree,Strongly agree,Strongly agree,Strongly agree,Somewhat agree,Somewhat agree,Strongly agree,Strongly agree,Strongly agree,Strongly agree,Strongly agree,Strongly agree,Neither agree nor disagree,Somewhat agree,I would like to be interviewed next week
2020-12-22 09:44:00,2020-12-22 09:47:16,IP Address,*******,100,195,True,2020-12-22 09:47:16,R_2xIQsd0iVQRe5Rs,*******,*******,*******,*******,*******,*******,anonymous,EN,ekg42,5 to 10 minutes,Strongly agree,5,0,Somewhat agree,Strongly agree,Strongly agree,Neither agree nor disagree,Somewhat agree,Strongly agree,Strongly agree,Somewhat agree,Strongly agree,Somewhat agree,Somewhat agree,Neither agree nor disagree,Neither agree nor disagree,Strongly agree,Strongly agree,Strongly agree,Somewhat agree,Strongly agree,Somewhat agree,Neither agree nor disagree,Somewhat agree,I would like to be interviewed this week
2020-12-22 10:21:50,2020-12-22 10:23:51,IP Address,*******,100,121,True,2020-12-22 10:23:51,R_1Cr8vSJKU9Ruf01,*******,*******,*******,*******,*******,*******,anonymous,EN,pna9,5 to 10 minutes,Somewhat agree,3,0,Somewhat agree,Somewhat agree,Neither agree nor disagree,Somewhat agree,Neither agree nor disagree,Neither agree nor disagree,Somewhat agree,Somewhat disagree,Somewhat disagree,Somewhat agree,Neither agree nor disagree,Neither agree nor disagree,Neither agree nor disagree,Somewhat agree,Neither agree nor disagree,Strongly agree,Neither agree nor disagree,Somewhat agree,Somewhat agree,Neither agree nor disagree,Neither agree nor disagree,I would like to be interviewed sometime next year
2020-12-22 10:38:20,2020-12-22 10:44:40,IP Address,*******,100,380,True,2020-12-22 10:44:40,R_3CZQzOtGLGeDEYt,*******,*******,*******,*******,*******,*******,anonymous,EN,jvl28,5 to 10 minutes,Neither agree nor disagree,0,0,Somewhat agree,Strongly disagree,Strongly disagree,Strongly disagree,Somewhat agree,Somewhat agree,Neither agree nor disagree,Neither agree nor disagree,Neither agree nor disagree,Somewhat disagree,Somewhat agree,Somewhat agree,Somewhat agree,Somewhat agree,Somewhat agree,Somewhat agree,Somewhat agree,Strongly agree,Strongly agree,Strongly agree,Somewhat agree,I would like to be interviewed next week
2020-12-22 11:19:38,2020-12-22 11:28:23,IP Address,*******,100,524,True,2020-12-22 11:28:23,R_10BPkMOpd7WRN3L,*******,*******,*******,*******,*******,*******,anonymous,EN,ctc95,10 - 15 minutes,Strongly agree,3,0,Somewhat agree,Somewhat agree,Somewhat agree,Somewhat agree,Somewhat agree,Strongly agree,Strongly agree,Somewhat agree,Strongly agree,Somewhat agree,Somewhat agree,Strongly agree,Neither agree nor disagree,Strongly agree,Somewhat agree,Somewhat agree,Somewhat agree,Strongly agree,Somewhat agree,Somewhat agree,Strongly agree,I would not like to be interviewed
2020-12-22 11:54:02,2020-12-22 11:55:47,IP Address,*******,100,105,True,2020-12-22 11:55:47,R_AKAZHEgsmDUhUkx,*******,*******,*******,*******,*******,*******,anonymous,EN,Jhr249,5 to 10 minutes,Somewhat agree,2,1,Somewhat agree,Somewhat agree,Somewhat agree,Strongly agree,Strongly agree,Somewhat agree,Somewhat agree,Somewhat agree,Somewhat agree,Strongly agree,Somewhat agree,Somewhat agree,Somewhat agree,Strongly agree,Strongly agree,Somewhat agree,Strongly agree,Strongly agree,Somewhat disagree,Somewhat agree,Somewhat agree,I would like to be interviewed this week
2020-12-22 12:09:56,2020-12-22 12:12:37,IP Address,*******,100,160,True,2020-12-22 12:12:37,R_3nHO0rzlMN6psL6,*******,*******,*******,*******,*******,*******,anonymous,EN,qy228,5 to 10 minutes,Somewhat agree,0,0,Somewhat agree,Somewhat agree,Strongly agree,Neither agree nor disagree,Somewhat agree,Somewhat agree,Somewhat agree,Somewhat agree,Somewhat agree,Neither agree nor disagree,Strongly agree,Neither agree nor disagree,Somewhat agree,Somewhat agree,Strongly agree,Strongly agree,Neither agree nor disagree,Somewhat agree,Somewhat agree,Somewhat agree,Somewhat agree,I would not like to be interviewed
2020-12-22 15:04:11,2020-12-22 15:41:14,IP Address,*******,100,2222,True,2020-12-22 15:41:14,R_D8ZQH8hSpm6BxKh,*******,*******,*******,*******,*******,*******,anonymous,EN,mj398,5 to 10 minutes,Strongly agree,5,1,Strongly agree,Somewhat agree,Strongly agree,Somewhat agree,Somewhat agree,Somewhat agree,Somewhat agree,Neither agree nor disagree,Somewhat agree,Somewhat disagree,Somewhat agree,Somewhat agree,Neither agree nor disagree,Somewhat agree,Somewhat agree,Somewhat agree,Somewhat agree,Somewhat agree,Strongly agree,Strongly agree,Strongly agree,I would like to be interviewed this week
2020-12-22 16:12:03,2020-12-22 16:14:00,IP Address,*******,100,117,True,2020-12-22 16:14:00,R_2zZwtUuNqjCCqeQ,*******,*******,*******,*******,*******,*******,anonymous,EN,po92,5 to 10 minutes,Strongly agree,4,1,Strongly agree,Strongly agree,Somewhat disagree,Neither agree nor disagree,Somewhat agree,Somewhat agree,Strongly agree,Strongly agree,Strongly agree,Somewhat agree,Strongly agree,Strongly agree,Strongly agree,Strongly agree,Strongly agree,Strongly agree,Strongly agree,Strongly agree,Strongly agree,Strongly agree,Strongly agree,I would like to be interviewed this week
2020-12-22 20:39:26,2020-12-22 20:40:36,IP Address,*******,100,69,True,2020-12-22 20:40:36,R_9zbRbIcKCk2g23f,*******,*******,*******,*******,*******,*******,anonymous,EN,jac734,less than 5 minutes,Strongly agree,2,0,Strongly agree,Strongly agree,Strongly agree,Strongly agree,Strongly agree,Strongly agree,Strongly agree,Strongly agree,Strongly agree,Strongly agree,Strongly agree,Strongly agree,Somewhat agree,Strongly agree,Strongly agree,Strongly agree,Strongly agree,Strongly agree,Strongly agree,Strongly agree,Strongly agree,I would like to be interviewed next week
2020-12-23 07:02:41,2020-12-23 07:09:24,IP Address,*******,100,402,True,2020-12-23 07:09:24,R_3qfDXUxZD9PgPG0,*******,*******,*******,*******,*******,*******,anonymous,EN,Pim6,5 to 10 minutes,Strongly agree,0,0,Somewhat agree,Neither agree nor disagree,Somewhat disagree,Somewhat disagree,Strongly agree,Strongly agree,Somewhat disagree,Somewhat disagree,Somewhat agree,Strongly disagree,Strongly agree,Somewhat agree,Strongly agree,Strongly agree,Somewhat agree,Neither agree nor disagree,Neither agree nor disagree,Somewhat agree,Strongly agree,Strongly agree,Strongly agree,I would like to be interviewed next week
2020-12-23 08:19:32,2020-12-23 08:21:58,IP Address,*******,100,145,True,2020-12-23 08:21:58,R_3CN4t1mRL7q7Wom,*******,*******,*******,*******,*******,*******,anonymous,EN,gma66,5 to 10 minutes,Somewhat agree,1,0,Somewhat agree,Somewhat agree,Somewhat agree,Somewhat agree,Somewhat agree,Neither agree nor disagree,Neither agree nor disagree,Somewhat disagree,Neither agree nor disagree,Somewhat agree,Strongly disagree,Neither agree nor disagree,Strongly disagree,Somewhat agree,Neither agree nor disagree,Neither agree nor disagree,Somewhat agree,Somewhat agree,Somewhat agree,Neither agree nor disagree,Strongly agree,I would not like to be interviewed
2020-12-23 09:51:47,2020-12-23 09:54:06,IP Address,*******,100,139,True,2020-12-23 09:54:07,R_1jU7cE3yqWlXfos,*******,*******,*******,*******,*******,*******,anonymous,EN,tz272,15 - 30 minutes,Strongly agree,0,0,Strongly agree,Neither agree nor disagree,Somewhat agree,Somewhat agree,Somewhat agree,Neither agree nor disagree,Somewhat agree,Somewhat agree,Neither agree nor disagree,Strongly agree,Somewhat agree,Strongly agree,Somewhat agree,Strongly agree,Strongly agree,Somewhat agree,Strongly agree,Strongly agree,Strongly agree,Strongly agree,Strongly agree,I would like to be interviewed this week
2020-12-23 15:29:42,2020-12-23 15:34:39,IP Address,*******,100,297,True,2020-12-23 15:34:39,R_1GUg58qYwNeWpiw,*******,*******,*******,*******,*******,*******,anonymous,EN,sdc79,5 to 10 minutes,Strongly agree,0,0,Somewhat agree,Neither agree nor disagree,Somewhat agree,Somewhat disagree,Somewhat agree,Somewhat agree,Somewhat agree,Strongly agree,Somewhat agree,Neither agree nor disagree,Strongly agree,Somewhat agree,Somewhat agree,Somewhat agree,Somewhat agree,Strongly agree,Somewhat agree,Somewhat agree,Strongly agree,Strongly agree,Strongly agree,I would like to be interviewed this week
2020-12-23 16:15:54,2020-12-23 16:18:09,IP Address,*******,100,135,True,2020-12-23 16:18:09,R_3iIMLoL5xhkcmnI,*******,*******,*******,*******,*******,*******,anonymous,EN,nnz2,5 to 10 minutes,Strongly agree,5,5,Strongly agree,Strongly agree,Neither agree nor disagree,Somewhat agree,Strongly agree,Strongly agree,Strongly agree,Neither agree nor disagree,Strongly agree,Strongly agree,Strongly agree,Strongly agree,Strongly agree,Strongly agree,Strongly agree,Strongly agree,Strongly agree,Strongly agree,Strongly agree,Strongly agree,Strongly agree,I would not like to be interviewed
2020-12-23 16:17:51,2020-12-23 16:18:36,IP Address,*******,100,45,True,2020-12-23 16:18:36,R_bp7wVnO9jlfq4HT,*******,*******,*******,*******,*******,*******,anonymous,EN,ab2695,less than 5 minutes,Neither agree nor disagree,0,0,Neither agree nor disagree,Neither agree nor disagree,Neither agree nor disagree,Neither agree nor disagree,Neither agree nor disagree,Neither agree nor disagree,Neither agree nor disagree,Neither agree nor disagree,Neither agree nor disagree,Neither agree nor disagree,Neither agree nor disagree,Neither agree nor disagree,Neither agree nor disagree,Neither agree nor disagree,Neither agree nor disagree,Neither agree nor disagree,Neither agree nor disagree,Neither agree nor disagree,Neither agree nor disagree,Neither agree nor disagree,Neither agree nor disagree,I would not like to be interviewed
2020-12-23 16:16:30,2020-12-23 16:19:35,IP Address,*******,100,184,True,2020-12-23 16:19:35,R_3nw1h2w1yQZzlnK,*******,*******,*******,*******,*******,*******,anonymous,EN,dl599,less than 5 minutes,Strongly agree,0,1,Somewhat agree,Somewhat agree,Somewhat agree,Somewhat agree,Strongly agree,Strongly agree,Somewhat agree,Somewhat agree,Somewhat agree,Somewhat disagree,Strongly agree,Neither agree nor disagree,Neither agree nor disagree,Strongly agree,Neither agree nor disagree,Somewhat agree,Somewhat disagree,Strongly agree,Strongly agree,Strongly agree,Strongly agree,I would like to be interviewed next week
2020-12-23 17:03:18,2020-12-23 17:05:12,IP Address,*******,100,114,True,2020-12-23 17:05:13,R_xmwWetlZeAgVPJ7,*******,*******,*******,*******,*******,*******,anonymous,EN,mjw358,5 to 10 minutes,Strongly agree,2,1,Strongly agree,Strongly agree,Somewhat agree,Somewhat agree,Somewhat agree,Somewhat agree,Somewhat agree,Somewhat agree,Somewhat agree,Somewhat agree,Strongly agree,Somewhat agree,Strongly agree,Somewhat agree,Strongly agree,Strongly agree,Strongly agree,Strongly agree,Strongly agree,Somewhat agree,Somewhat agree,I would like to be interviewed next week
2020-12-23 17:07:44,2020-12-23 17:13:20,IP Address,*******,100,335,True,2020-12-23 17:13:20,R_3hFjXoEVujeBp7M,*******,*******,*******,*******,*******,*******,anonymous,EN,Bkn8,5 to 10 minutes,Strongly agree,2,1,Strongly agree,Strongly agree,Strongly agree,Strongly agree,Strongly agree,Strongly agree,Strongly agree,Strongly agree,Strongly agree,Strongly agree,Strongly agree,Strongly agree,Strongly agree,Strongly agree,Strongly agree,Strongly agree,Strongly agree,Strongly agree,Strongly agree,Strongly agree,Strongly agree,I would like to be interviewed sometime next year
2020-12-23 17:14:51,2020-12-23 17:16:54,IP Address,*******,100,122,True,2020-12-23 17:16:55,R_yNNQaWSARljDkqZ,*******,*******,*******,*******,*******,*******,anonymous,EN,egp45,5 to 10 minutes,Strongly agree,0,0,Neither agree nor disagree,Somewhat agree,Somewhat agree,Somewhat agree,Strongly agree,Somewhat agree,Somewhat agree,Somewhat agree,Neither agree nor disagree,Somewhat agree,Somewhat agree,Strongly agree,Strongly agree,Strongly agree,Strongly agree,Strongly agree,Strongly agree,Strongly agree,Strongly agree,Somewhat agree,Somewhat agree,I would not like to be interviewed
2020-12-23 18:22:29,2020-12-23 18:24:05,IP Address,*******,100,96,True,2020-12-23 18:24:06,R_etEBknT7BKxpRT3,*******,*******,*******,*******,*******,*******,anonymous,EN,enm36,5 to 10 minutes,Strongly agree,1,1,Strongly agree,Somewhat agree,Somewhat agree,Somewhat agree,Somewhat agree,Somewhat agree,Somewhat agree,Somewhat disagree,Somewhat agree,Somewhat agree,Strongly agree,Somewhat agree,Somewhat agree,Somewhat agree,Somewhat agree,Somewhat agree,Strongly agree,Strongly agree,Somewhat agree,Somewhat agree,Somewhat agree,I would not like to be interviewed
2020-12-23 18:43:20,2020-12-23 18:45:10,IP Address,*******,100,110,True,2020-12-23 18:45:10,R_6iq7RrnMJYSBogV,*******,*******,*******,*******,*******,*******,anonymous,EN,kl532,10 - 15 minutes,Neither agree nor disagree,0,0,Somewhat agree,Somewhat agree,Somewhat agree,Somewhat agree,Somewhat agree,Somewhat agree,Somewhat agree,Somewhat agree,Somewhat agree,Somewhat agree,Somewhat agree,Somewhat agree,Somewhat agree,Somewhat agree,Somewhat agree,Somewhat agree,Somewhat agree,Somewhat agree,Somewhat agree,Somewhat agree,Somewhat agree,I would not like to be interviewed
2020-12-23 18:57:34,2020-12-23 18:59:18,IP Address,*******,100,103,True,2020-12-23 18:59:18,R_3JjW6tZ6Rz0iVCd,*******,*******,*******,*******,*******,*******,anonymous,EN,jcn66,10 - 15 minutes,Strongly agree,3,1,Strongly agree,Strongly agree,Strongly agree,Strongly agree,Strongly agree,Strongly agree,Strongly agree,Neither agree nor disagree,Somewhat agree,Strongly agree,Strongly agree,Strongly agree,Strongly agree,Strongly agree,Strongly agree,Strongly agree,Strongly agree,Strongly agree,Strongly agree,Strongly agree,Strongly agree,I would not like to be interviewed
2020-12-23 20:11:35,2020-12-23 20:12:59,IP Address,*******,100,83,True,2020-12-23 20:12:59,R_OO0Bsu7VFvPpDY5,*******,*******,*******,*******,*******,*******,anonymous,EN,hsm66,5 to 10 minutes,Strongly agree,3,0,Strongly agree,Neither agree nor disagree,Neither agree nor disagree,Neither agree nor disagree,Somewhat agree,Somewhat agree,Somewhat agree,Somewhat agree,Somewhat agree,Neither agree nor disagree,Somewhat agree,Somewhat agree,Somewhat agree,Somewhat agree,Somewhat agree,Neither agree nor disagree,Somewhat agree,Somewhat agree,Somewhat agree,Somewhat agree,Somewhat agree,I would not like to be interviewed
2020-12-23 20:58:49,2020-12-23 21:07:22,IP Address,*******,100,513,True,2020-12-23 21:07:22,R_UmCFIbDfYsMyQjn,*******,*******,*******,*******,*******,*******,anonymous,EN,kr397,15 - 30 minutes,Strongly disagree,5,2,Strongly agree,Somewhat agree,Somewhat agree,Somewhat agree,Somewhat agree,Strongly agree,Strongly agree,Somewhat agree,Strongly agree,Strongly agree,Strongly agree,Strongly agree,Strongly agree,Strongly agree,Strongly agree,Strongly agree,Strongly agree,Strongly agree,Somewhat agree,Strongly agree,Strongly agree,I would like to be interviewed next week
2020-12-23 22:00:47,2020-12-23 22:02:47,IP Address,*******,100,119,True,2020-12-23 22:02:47,R_2CDFOihNqt4L0QV,*******,*******,*******,*******,*******,*******,anonymous,EN,Aed229,less than 5 minutes,Somewhat agree,1,0,Somewhat agree,Neither agree nor disagree,Neither agree nor disagree,Somewhat agree,Somewhat disagree,Somewhat agree,Somewhat agree,Somewhat agree,Somewhat agree,Neither agree nor disagree,Somewhat agree,Somewhat agree,Strongly agree,Strongly agree,Somewhat agree,Strongly agree,Somewhat agree,Somewhat agree,Strongly agree,Strongly agree,Strongly agree,I would not like to be interviewed
2020-12-23 23:35:43,2020-12-23 23:37:01,IP Address,*******,100,77,True,2020-12-23 23:37:01,R_2pXlR7rqB56w4QU,*******,*******,*******,*******,*******,*******,anonymous,EN,ath84,5 to 10 minutes,Neither agree nor disagree,10,0,Neither agree nor disagree,Neither agree nor disagree,Somewhat agree,Somewhat disagree,Neither agree nor disagree,Neither agree nor disagree,Neither agree nor disagree,Somewhat disagree,Somewhat agree,Neither agree nor disagree,Neither agree nor disagree,Neither agree nor disagree,Neither agree nor disagree,Somewhat agree,Neither agree nor disagree,Somewhat agree,Somewhat disagree,Neither agree nor disagree,Somewhat agree,Somewhat agree,Somewhat agree,I would not like to be interviewed
2020-12-24 00:42:57,2020-12-24 00:45:47,IP Address,*******,100,170,True,2020-12-24 00:45:48,R_yXhOt07NEtLcJu9,*******,*******,*******,*******,*******,*******,anonymous,EN,vlt28,10 - 15 minutes,Somewhat agree,2,0,Somewhat agree,Somewhat agree,Strongly agree,Somewhat agree,Somewhat agree,Somewhat agree,Somewhat agree,Somewhat agree,Somewhat agree,Somewhat agree,Strongly agree,Strongly agree,Somewhat agree,Somewhat agree,Somewhat agree,Somewhat agree,Somewhat agree,Strongly agree,Strongly agree,Strongly agree,Strongly agree,I would like to be interviewed sometime next year
2020-12-26 09:26:28,2020-12-26 09:28:48,IP Address,*******,100,140,True,2020-12-26 09:28:49,R_Z4SpcHuXPYQQSpH,*******,*******,*******,*******,*******,*******,anonymous,EN,igg8,15 - 30 minutes,Somewhat agree,3,3,Somewhat agree,Somewhat agree,Somewhat agree,Somewhat disagree,Somewhat agree,Somewhat agree,Strongly agree,Somewhat agree,Somewhat agree,Somewhat agree,Strongly agree,Somewhat agree,Strongly agree,Somewhat agree,Somewhat agree,Somewhat agree,Somewhat agree,Somewhat agree,Somewhat agree,Somewhat agree,Strongly agree,I would like to be interviewed next week
2020-12-26 15:14:03,2020-12-26 15:15:25,IP Address,*******,100,82,True,2020-12-26 15:15:26,R_2fCKRUuoEhuaaHF,*******,*******,*******,*******,*******,*******,anonymous,EN,ajr279,less than 5 minutes,Strongly agree,1,1,Strongly agree,Strongly agree,Strongly agree,Strongly agree,Strongly agree,Strongly agree,Strongly agree,Strongly agree,Strongly agree,Strongly agree,Strongly agree,Strongly agree,Strongly agree,Strongly agree,Strongly agree,Strongly agree,Strongly agree,Strongly agree,Strongly agree,Strongly agree,Strongly agree,I would not like to be interviewed
2020-12-27 02:51:17,2020-12-27 02:55:52,IP Address,*******,100,275,True,2020-12-27 02:55:53,R_p0e22WivP9CfVDj,*******,*******,*******,*******,*******,*******,anonymous,EN,aic39,15 - 30 minutes,Somewhat agree,0,0,Somewhat agree,Somewhat disagree,Somewhat disagree,Strongly disagree,Strongly disagree,Somewhat agree,Somewhat agree,Somewhat disagree,Somewhat agree,Somewhat agree,Somewhat disagree,Somewhat agree,Somewhat disagree,Somewhat agree,Somewhat agree,Somewhat agree,Somewhat agree,Somewhat agree,Strongly agree,Strongly agree,Strongly agree,I would like to be interviewed next week
2020-12-27 15:22:12,2020-12-27 15:23:33,IP Address,*******,100,81,True,2020-12-27 15:23:33,R_25uctZdxbiqU0Vh,*******,*******,*******,*******,*******,*******,anonymous,EN,cem333,5 to 10 minutes,Somewhat agree,None,None,Somewhat agree,Somewhat agree,Strongly agree,Strongly agree,Strongly agree,Somewhat agree,Somewhat agree,Strongly disagree,Somewhat disagree,Somewhat agree,Strongly agree,Somewhat agree,Strongly agree,Strongly agree,Somewhat agree,Strongly agree,Somewhat agree,Strongly agree,Strongly agree,Somewhat disagree,Strongly agree,I would not like to be interviewed
2020-12-21 13:11:25,2020-12-21 13:12:18,IP Address,*******,19,52,False,2020-12-28 13:12:21,R_ur0BUrHUFUPSI8h,*******,*******,*******,*******,*******,*******,anonymous,EN,,,,,,,,,,,,,,,,,,,,,,,,,,,
2020-12-21 13:14:47,2020-12-21 13:16:19,IP Address,*******,97,91,False,2020-12-28 13:16:31,R_enQ5evGtLzymnAd,*******,*******,*******,*******,*******,*******,anonymous,EN,Bkn8,5 to 10 minutes,Strongly agree,2,1,Strongly agree,Strongly agree,Strongly agree,Strongly agree,Strongly agree,Strongly agree,Strongly agree,Strongly agree,Strongly agree,Strongly agree,Strongly agree,Strongly agree,Strongly agree,Strongly agree,Strongly agree,Strongly agree,Strongly agree,Strongly agree,Strongly agree,Strongly agree,Strongly agree,
2020-12-21 14:01:44,2020-12-21 14:09:55,IP Address,*******,97,490,False,2020-12-28 14:10:05,R_3iQNt5eVdx3Zckh,*******,*******,*******,*******,*******,*******,anonymous,EN,,,,,,,,,,,,,,,,,,,,,,,,,,,
2020-12-21 14:09:31,2020-12-21 14:09:53,Spam,*******,97,22,False,2020-12-28 14:10:12,R_2uQkXpqXcG7ujzN,*******,*******,*******,*******,*******,*******,anonymous,EN,,,,,,,,,,,,,,,,,,,,,,,,,,,
2020-12-21 14:59:48,2020-12-21 14:59:53,IP Address,*******,7,4,False,2020-12-28 14:59:54,R_1reRdbiNgOIexd1,*******,*******,*******,*******,*******,*******,anonymous,EN,mtg86,,,,,,,,,,,,,,,,,,,,,,,,,,
2020-12-23 16:11:31,2020-12-23 16:11:35,IP Address,*******,7,4,False,2020-12-30 16:11:45,R_yrvCfeVkCNGGh69,*******,*******,*******,*******,*******,*******,anonymous,EN,apm234,,,,,,,,,,,,,,,,,,,,,,,,,,
2020-12-23 16:15:25,2020-12-23 16:15:31,IP Address,*******,7,6,False,2020-12-30 16:15:39,R_9srHaute0esDdTz,*******,*******,*******,*******,*******,*******,anonymous,EN,"nnz ",,,,,,,,,,,,,,,,,,,,,,,,,,
2020-12-23 16:31:50,2020-12-23 16:32:11,IP Address,*******,7,21,False,2020-12-30 16:32:19,R_3k4XglIZeACh6Q2,*******,*******,*******,*******,*******,*******,anonymous,EN,sak299,,,,,,,,,,,,,,,,,,,,,,,,,,
2020-12-23 19:07:07,2020-12-23 19:07:14,IP Address,*******,7,6,False,2020-12-30 19:07:24,R_3scENzNgG9PhMf7,*******,*******,*******,*******,*******,*******,anonymous,EN,Jey36,,,,,,,,,,,,,,,,,,,,,,,,,,
2020-12-31 11:05:23,2020-12-31 11:07:45,IP Address,*******,100,142,True,2020-12-31 11:07:46,R_1eQxVkFquFfgF6O,*******,*******,*******,*******,*******,*******,anonymous,EN,Tag225,less than 5 minutes,Somewhat agree,"1 ","1 ",Somewhat agree,Neither agree nor disagree,Neither agree nor disagree,Somewhat disagree,Somewhat agree,Strongly agree,Somewhat agree,Neither agree nor disagree,Strongly agree,Strongly agree,Neither agree nor disagree,Neither agree nor disagree,Neither agree nor disagree,Somewhat agree,Somewhat agree,Somewhat agree,Somewhat disagree,Neither agree nor disagree,Neither agree nor disagree,Neither agree nor disagree,Neither agree nor disagree,I would not like to be interviewed
2020-12-31 13:45:31,2020-12-31 13:47:53,IP Address,*******,100,141,True,2020-12-31 13:47:53,R_2aFQEuAMJcTh21s,*******,*******,*******,*******,*******,*******,anonymous,EN,jnu4,5 to 10 minutes,Somewhat agree,1,0,Neither agree nor disagree,Neither agree nor disagree,Somewhat disagree,Strongly disagree,Strongly disagree,Strongly disagree,Somewhat disagree,Somewhat agree,Neither agree nor disagree,Strongly disagree,Neither agree nor disagree,Somewhat disagree,Somewhat agree,Somewhat agree,Somewhat agree,Somewhat agree,Somewhat disagree,Somewhat agree,Somewhat agree,Somewhat agree,Somewhat agree,I would not like to be interviewed
2020-12-31 14:08:36,2020-12-31 14:10:59,IP Address,*******,100,142,True,2020-12-31 14:10:59,R_2ysmKOwoEq97nxj,*******,*******,*******,*******,*******,*******,anonymous,EN,jl4234,10 - 15 minutes,Somewhat agree,2,0,Somewhat agree,Somewhat agree,Somewhat agree,Somewhat agree,Somewhat agree,Somewhat agree,Somewhat agree,Somewhat agree,Somewhat agree,Somewhat agree,Strongly agree,Somewhat agree,Somewhat agree,Somewhat agree,Somewhat agree,Somewhat agree,Somewhat agree,Somewhat agree,Somewhat agree,Somewhat agree,Somewhat agree,I would not like to be interviewed
2021-01-01 09:40:42,2021-01-01 09:42:26,IP Address,*******,100,103,True,2021-01-01 09:42:26,R_22siTxda0PDNtJ7,*******,*******,*******,*******,*******,*******,anonymous,EN,hr369,5 to 10 minutes,Neither agree nor disagree,0,0,Somewhat agree,Strongly disagree,Strongly disagree,Somewhat disagree,Strongly disagree,Somewhat disagree,Somewhat disagree,Neither agree nor disagree,Neither agree nor disagree,Somewhat disagree,Neither agree nor disagree,Somewhat disagree,Neither agree nor disagree,Neither agree nor disagree,Neither agree nor disagree,Neither agree nor disagree,Neither agree nor disagree,Neither agree nor disagree,Somewhat agree,Somewhat agree,Somewhat agree,I would not like to be interviewed
2021-01-03 15:07:43,2021-01-03 15:10:52,IP Address,*******,100,188,True,2021-01-03 15:10:52,R_2DZJ6wdU5zCLRuh,*******,*******,*******,*******,*******,*******,anonymous,EN,pjk247,more than 30 minutes,Strongly agree,0,0,Strongly agree,Neither agree nor disagree,Neither agree nor disagree,Somewhat agree,Strongly agree,Strongly agree,Strongly agree,Strongly agree,Strongly agree,Neither agree nor disagree,Neither agree nor disagree,Strongly agree,Neither agree nor disagree,Somewhat agree,Somewhat agree,Strongly agree,Somewhat agree,Strongly agree,Strongly agree,Strongly agree,Strongly agree,I would like to be interviewed this week
2021-01-01 08:53:40,2021-01-01 08:53:55,IP Address,*******,7,14,False,2021-01-08 08:54:19,R_DpMxTVJ197GhoS5,*******,*******,*******,*******,*******,*******,anonymous,EN,rl542,,,,,,,,,,,,,,,,,,,,,,,,,,
